SET SQL_MODE = "NO_AUTO_VALUE_ON_ZERO";
SET time_zone = "+00:00";


/*!40101 SET @OLD_CHARACTER_SET_CLIENT=@@CHARACTER_SET_CLIENT */;
/*!40101 SET @OLD_CHARACTER_SET_RESULTS=@@CHARACTER_SET_RESULTS */;
/*!40101 SET @OLD_COLLATION_CONNECTION=@@COLLATION_CONNECTION */;
/*!40101 SET NAMES utf8mb4 */;

--
-- Database: `CSC455FA18JandT`
--

-- --------------------------------------------------------

--
-- Table structure for table `BEER`
--

CREATE TABLE `BEER` (
  `BEER_ID` int(11) NOT NULL,
  `BEER_NAME` varchar(55) NOT NULL,
  `BEER_DESCRIPTION` varchar(10000) DEFAULT NULL,
  `BEER_STYLE` varchar(50) DEFAULT NULL,
  `BEER_IBU` varchar(22) DEFAULT NULL,
  `BEER_ABV` varchar(22) DEFAULT NULL,
  `BREWER_ID` int(11) NOT NULL
) ENGINE=InnoDB DEFAULT CHARSET=latin1;

--
-- Dumping data for table `BEER`
--

INSERT INTO `BEER` (`BEER_ID`, `BEER_NAME`, `BEER_DESCRIPTION`, `BEER_STYLE`, `BEER_IBU`, `BEER_ABV`, `BREWER_ID`) VALUES
(1, 'Pub Beer', 'No description...', 'American Pale Lager', NULL, '0.05', 405),
(2, 'Devil\'s Cup', 'No description...', 'American Pale Ale (APA)', NULL, '0.066', 175),
(3, 'Rise of the Phoenix', 'No description...', 'American IPA', NULL, '0.071', 175),
(4, 'Sinister', 'No description...', 'American Double / Imperial IPA', NULL, '0.09', 175),
(5, 'Sex and Candy', 'No description...', 'American IPA', NULL, '0.075', 175),
(6, 'Black Exodus', 'No description...', 'Oatmeal Stout', NULL, '0.077', 175),
(7, 'Lake Street Express', 'No description...', 'American Pale Ale (APA)', NULL, '0.045', 175),
(8, 'Foreman', 'No description...', 'American Porter', NULL, '0.065', 175),
(9, 'Jade', 'No description...', 'American Pale Ale (APA)', NULL, '0.055', 175),
(10, 'Cone Crusher', 'No description...', 'American Double / Imperial IPA', NULL, '0.086', 175),
(11, 'Sophomoric Saison', 'No description...', 'Saison / Farmhouse Ale', NULL, '0.07200000000000001', 175),
(12, 'Regional Ring Of Fire', 'No description...', 'Saison / Farmhouse Ale', NULL, '0.073', 175),
(13, 'Garce Selé', 'No description...', 'Saison / Farmhouse Ale', NULL, '0.069', 175),
(14, 'Troll Destroyer', 'No description...', 'Belgian IPA', NULL, '0.085', 175),
(15, 'Bitter Bitch', 'No description...', 'American Pale Ale (APA)', '60.0', '0.061', 175),
(16, 'Ginja Ninja', 'No description...', 'Cider', NULL, '0.06', 152),
(17, 'Cherried Away', 'No description...', 'Cider', NULL, '0.06', 152),
(18, 'Rhubarbarian', 'No description...', 'Cider', NULL, '0.06', 152),
(19, 'BrightCider', 'No description...', 'Cider', NULL, '0.06', 152),
(20, 'He Said Baltic-Style Porter', 'No description...', 'Baltic Porter', NULL, '0.08199999999999999', 365),
(21, 'He Said Belgian-Style Tripel', 'No description...', 'Tripel', NULL, '0.08199999999999999', 365),
(22, 'Lower De Boom', 'No description...', 'American Barleywine', '92.0', '0.099', 365),
(23, 'Fireside Chat', 'No description...', 'Winter Warmer', '45.0', '0.079', 365),
(24, 'Marooned On Hog Island', 'No description...', 'American Stout', NULL, '0.079', 365),
(25, 'Bitter American', 'No description...', 'American Pale Ale (APA)', '42.0', '0.044000000000000004', 365),
(26, 'Hell or High Watermelon Wheat (2009)', 'No description...', 'Fruit / Vegetable Beer', '17.0', '0.049', 365),
(27, 'Hell or High Watermelon Wheat (2009)', 'No description...', 'Fruit / Vegetable Beer', '17.0', '0.049', 365),
(28, '21st Amendment Watermelon Wheat Beer (2006)', 'No description...', 'Fruit / Vegetable Beer', '17.0', '0.049', 365),
(29, '21st Amendment IPA (2006)', 'No description...', 'American IPA', '70.0', '0.07', 365),
(30, 'Brew Free! or Die IPA (2008)', 'No description...', 'American IPA', '70.0', '0.07', 365),
(31, 'Brew Free! or Die IPA (2009)', 'No description...', 'American IPA', '70.0', '0.07', 365),
(32, 'Special Edition: Allies Win The War!', 'No description...', 'English Strong Ale', '52.0', '0.085', 365),
(33, 'Hop Crisis', 'No description...', 'American Double / Imperial IPA', '94.0', '0.09699999999999999', 365),
(34, 'Bitter American (2011)', 'No description...', 'American Pale Ale (APA)', '42.0', '0.044000000000000004', 365),
(35, 'Fireside Chat (2010)', 'No description...', 'Winter Warmer', '45.0', '0.079', 365),
(36, 'Back in Black', 'No description...', 'American Black Ale', '65.0', '0.068', 365),
(37, 'Monk\'s Blood', 'No description...', 'Belgian Dark Ale', '35.0', '0.083', 365),
(38, 'Brew Free! or Die IPA', 'No description...', 'American IPA', '65.0', '0.07', 365),
(39, 'Hell or High Watermelon Wheat', 'No description...', 'Fruit / Vegetable Beer', '17.0', '0.049', 365),
(40, 'Bimini Twist', 'No description...', 'American IPA', '82.0', '0.07', 66),
(41, 'Beach Blonde', 'No description...', 'American Blonde Ale', NULL, '0.05', 66),
(42, 'Rod Bender Red', 'No description...', 'American Amber / Red Ale', NULL, '0.059000000000000004', 66),
(43, 'Passion Fruit Prussia', 'No description...', 'Berliner Weissbier', '11.0', '0.035', 60),
(44, 'Send Help', 'No description...', 'American Blonde Ale', '18.0', '0.045', 60),
(45, 'Cast Iron Oatmeal Brown', 'No description...', 'American Brown Ale', NULL, '0.055', 60),
(46, 'Reprise Centennial Red', 'No description...', 'American Amber / Red Ale', NULL, '0.06', 60),
(47, 'Alter Ego', 'No description...', 'American Black Ale', NULL, '0.055', 60),
(48, 'Divided Sky', 'No description...', 'American IPA', NULL, '0.065', 60),
(49, 'Resurrected', 'No description...', 'American IPA', NULL, '0.065', 60),
(50, 'Contact High', 'No description...', 'American Pale Wheat Ale', '28.0', '0.05', 60),
(51, 'Galaxyfest', 'No description...', 'American IPA', NULL, '0.065', 28),
(52, 'Citrafest', 'No description...', 'American IPA', '45.0', '0.05', 28),
(53, 'Barn Yeti', 'No description...', 'Belgian Strong Dark Ale', NULL, '0.09', 28),
(54, 'Scarecrow', 'No description...', 'American IPA', '65.0', '0.069', 28),
(55, 'Ironman', 'No description...', 'English Strong Ale', '50.0', '0.09', 28),
(56, 'Honey Kolsch', 'No description...', 'Kölsch', '15.0', '0.046', 28),
(57, 'Copperhead Amber', 'No description...', 'Belgian Dark Ale', '18.0', '0.052000000000000005', 28),
(58, 'Rude Parrot IPA', 'No description...', 'American IPA', '75.0', '0.059000000000000004', 478),
(59, 'British Pale Ale (2010)', 'No description...', 'English Pale Ale', '30.0', '0.054000000000000006', 478),
(60, 'British Pale Ale', 'No description...', 'English Pale Ale', '30.0', '0.054000000000000006', 478),
(61, 'Ballz Deep Double IPA', 'No description...', 'American Double / Imperial IPA', '82.0', '0.084', 478),
(62, 'Wolfman\'s Berliner', 'No description...', 'Berliner Weissbier', NULL, '0.038', 370),
(63, 'Colorado Native', 'No description...', 'American Amber / Red Lager', '26.0', '0.055', 459),
(64, 'Colorado Native (2011)', 'No description...', 'American Amber / Red Lager', '26.0', '0.055', 459),
(65, 'Jockamo IPA', 'No description...', 'American IPA', '52.0', '0.065', 530),
(66, 'Purple Haze', 'No description...', 'Fruit / Vegetable Beer', '13.0', '0.042', 530),
(67, 'Abita Amber', 'No description...', 'American Amber / Red Lager', '17.0', '0.045', 530),
(68, 'Citra Ass Down', 'No description...', 'American IPA', '68.0', '0.08199999999999999', 2),
(69, 'The Brown Note', 'No description...', 'American Brown Ale', '20.0', '0.05', 2),
(70, 'Citra Ass Down', 'No description...', 'American Double / Imperial IPA', '68.0', '0.08', 2),
(71, 'London Balling', 'No description...', 'English Barleywine', '80.0', '0.125', 2),
(72, '35 K', 'No description...', 'Milk / Sweet Stout', '25.0', '0.077', 2),
(73, 'A Beer', 'No description...', 'American Pale Ale (APA)', '42.0', '0.042', 2),
(74, 'Rules are Rules', 'No description...', 'German Pilsener', '25.0', '0.05', 2),
(75, 'Flesh Gourd\'n', 'No description...', 'Pumpkin Ale', '21.0', '0.066', 2),
(76, 'Sho\'nuff', 'No description...', 'Belgian Pale Ale', '13.0', '0.04', 2),
(77, 'Bloody Show', 'No description...', 'American Pilsner', '17.0', '0.055', 2),
(78, 'Rico Sauvin', 'No description...', 'American Double / Imperial IPA', '68.0', '0.076', 2),
(79, 'Coq de la Marche', 'No description...', 'Saison / Farmhouse Ale', '38.0', '0.051', 2),
(80, 'Kamen Knuddeln', 'No description...', 'American Wild Ale', NULL, '0.065', 2),
(81, 'Pile of Face', 'No description...', 'American IPA', '65.0', '0.06', 2),
(82, 'The Brown Note', 'No description...', 'English Brown Ale', '20.0', '0.05', 2),
(83, 'Maylani\'s Coconut Stout', 'No description...', 'American Stout', '35.0', '0.053', 364),
(84, 'Oatmeal PSA', 'No description...', 'American Pale Ale (APA)', '35.0', '0.05', 364),
(85, 'Pre Flight Pilsner', 'No description...', 'American Pilsner', '33.0', '0.052000000000000005', 364),
(86, 'P-Town Pilsner', 'No description...', 'American Pilsner', '20.0', '0.04', 115),
(87, 'Klickitat Pale Ale', 'No description...', 'American Pale Ale (APA)', '36.0', '0.053', 115),
(88, 'Yellow Wolf Imperial IPA', 'No description...', 'American Double / Imperial IPA', '103.0', '0.08199999999999999', 115),
(89, 'Freeride APA', 'No description...', 'American Pale Ale (APA)', '40.0', '0.053', 267),
(90, 'Alaskan Amber', 'No description...', 'Altbier', '18.0', '0.053', 267),
(91, 'Hopalicious', 'No description...', 'American Pale Ale (APA)', NULL, '0.057', 72),
(92, 'Kentucky Kölsch', 'No description...', 'Kölsch', NULL, '0.043', 385),
(93, 'Kentucky IPA', 'No description...', 'American IPA', NULL, '0.065', 385),
(94, 'Dusty Trail Pale Ale', 'No description...', 'American Pale Ale (APA)', NULL, '0.054000000000000006', 398),
(95, 'Damnesia', 'No description...', 'American IPA', NULL, '0.062', 398),
(96, 'Desolation IPA', 'No description...', 'American IPA', '43.0', '0.062', 398),
(97, 'Liberty Ale', 'No description...', 'American IPA', NULL, '0.059000000000000004', 36),
(98, 'IPA', 'No description...', 'American IPA', NULL, '0.065', 36),
(99, 'Summer Wheat', 'No description...', 'American Pale Wheat Ale', NULL, '0.045', 36),
(100, 'California Lager', 'No description...', 'American Amber / Red Lager', NULL, '0.049', 36),
(101, 'Brotherhood Steam', 'No description...', 'California Common / Steam Beer', NULL, '0.055999999999999994', 36),
(102, 'Blood Orange Gose', 'No description...', 'Gose', NULL, '0.042', 169),
(103, 'Keebarlin\' Pale Ale', 'No description...', 'American Pale Ale (APA)', NULL, '0.042', 169),
(104, 'the Kimmie, the Yink and the Holy Gose', 'No description...', 'Gose', NULL, '0.048', 169),
(105, 'Fall Hornin\'', 'No description...', 'Pumpkin Ale', NULL, '0.06', 169),
(106, 'Barney Flats Oatmeal Stout', 'No description...', 'Oatmeal Stout', '13.0', '0.057', 169),
(107, 'Summer Solstice', 'No description...', 'Cream Ale', '4.0', '0.055999999999999994', 169),
(108, 'Hop Ottin\' IPA', 'No description...', 'American IPA', '80.0', '0.07', 169),
(109, 'Boont Amber Ale', 'No description...', 'American Amber / Red Ale', '15.0', '0.057999999999999996', 169),
(110, 'Barney Flats Oatmeal Stout', 'No description...', 'Oatmeal Stout', '13.0', '0.057', 169),
(111, 'El Steinber Dark Lager', 'No description...', 'Vienna Lager', '25.0', '0.055', 169),
(112, 'Boont Amber Ale (2010)', 'No description...', 'American Amber / Red Ale', '15.0', '0.057999999999999996', 169),
(113, 'Summer Solstice Cerveza Crema (2009)', 'No description...', 'Cream Ale', '4.0', '0.055999999999999994', 169),
(114, 'Barney Flats Oatmeal Stout (2012)', 'No description...', 'Oatmeal Stout', '13.0', '0.057', 169),
(115, 'Winter Solstice', 'No description...', 'Winter Warmer', '6.0', '0.069', 169),
(116, 'Hop Ottin\' IPA (2011)', 'No description...', 'American IPA', '80.0', '0.07', 169),
(117, 'Boont Amber Ale (2011)', 'No description...', 'American Amber / Red Ale', '15.0', '0.057999999999999996', 169),
(118, 'Summer Solstice (2011)', 'No description...', 'Cream Ale', '4.0', '0.055999999999999994', 169),
(119, 'Poleeko Gold Pale Ale (2009)', 'No description...', 'American Pale Ale (APA)', '28.0', '0.055', 169),
(120, 'Charlie\'s Rye IPA', 'No description...', 'American IPA', NULL, '0.06', 144),
(121, 'River Pig Pale Ale', 'No description...', 'American Pale Ale (APA)', NULL, '0.054000000000000006', 539),
(122, 'Oaky\'s Oatmeal Stout', 'No description...', 'Oatmeal Stout', NULL, '0.047', 539),
(123, 'Angry Orchard Apple Ginger', 'No description...', 'Cider', NULL, '0.05', 431),
(124, 'Angry Orchard Crisp Apple', 'No description...', 'Cider', NULL, '0.05', 431),
(125, 'Angry Orchard Crisp Apple', 'No description...', 'Cider', NULL, '0.05', 431),
(126, 'Golden One', 'No description...', 'Belgian Pale Ale', NULL, '0.068', 191),
(127, 'Arjuna', 'No description...', 'Witbier', NULL, '0.06', 191),
(128, 'Uroboros', 'No description...', 'American Stout', NULL, '0.085', 191),
(129, 'Long Leaf', 'No description...', 'American IPA', '75.0', '0.071', 68),
(130, 'Honey Badger Blonde', 'No description...', 'American Blonde Ale', '19.0', '0.047', 68),
(131, 'Porter (a/k/a Black Gold Porter)', 'No description...', 'American Porter', '23.0', '0.06', 68),
(132, 'Sky High Rye', 'No description...', 'American Pale Ale (APA)', '55.0', '0.06', 538),
(133, 'Whitsun', 'No description...', 'American Pale Wheat Ale', '17.0', '0.062', 538),
(134, 'On-On Ale (2008)', 'No description...', 'American Pale Ale (APA)', NULL, '0.052000000000000005', 510),
(135, 'Quakertown Stout', 'No description...', 'American Double / Imperial Stout', '50.0', '0.092', 423),
(136, 'Greenbelt Farmhouse Ale', 'No description...', 'Saison / Farmhouse Ale', '20.0', '0.051', 423),
(137, 'Mo\'s Gose', 'No description...', 'Gose', '10.0', '0.052000000000000005', 458),
(138, 'Green Bullet Organic India Pale Ale', 'No description...', 'American IPA', '45.0', '0.07', 426),
(139, 'Rocket Girl', 'No description...', 'Kölsch', '27.0', '0.032', 525),
(140, 'Ninja Porter', 'No description...', 'American Porter', '26.0', '0.053', 525),
(141, 'Shiva IPA', 'No description...', 'American IPA', '69.0', '0.06', 525),
(142, 'Aslan Kölsch', 'No description...', 'Kölsch', NULL, '0.048', 350),
(143, 'Aslan IPA', 'No description...', 'American IPA', NULL, '0.077', 350),
(144, 'Aslan Amber', 'No description...', 'American Amber / Red Ale', NULL, '0.077', 350),
(145, 'This Season\'s Blonde', 'No description...', 'American Blonde Ale', '27.0', '0.055999999999999994', 520),
(146, 'Independence Pass Ale', 'No description...', 'American IPA', '67.0', '0.07', 520),
(147, 'Trolley Stop Stout', 'No description...', 'American Stout', '40.0', '0.057', 371),
(148, 'Bitter Bitch Imperial IPA', 'No description...', 'American Double / Imperial IPA', '138.0', '0.08199999999999999', 371),
(149, 'Poop Deck Porter', 'No description...', 'American Porter', '35.0', '0.062', 371),
(150, 'Old Red Beard Amber Ale', 'No description...', 'American Amber / Red Ale', '35.0', '0.06', 371),
(151, 'Hop A-Peel', 'No description...', 'American Double / Imperial IPA', '115.0', '0.075', 71),
(152, 'Vanilla Java Porter', 'No description...', 'American Porter', '12.0', '0.055', 71),
(153, 'Michelada', 'No description...', 'Fruit / Vegetable Beer', NULL, '0.052000000000000005', 71),
(154, 'Dirty Blonde Ale', 'No description...', 'American Blonde Ale', '8.0', '0.045', 71),
(155, 'Grand Circus IPA', 'No description...', 'American IPA', '62.0', '0.05', 71),
(156, 'Atwater\'s Lager', 'No description...', 'Munich Helles Lager', '12.0', '0.05', 71),
(157, 'Heavy Machinery IPA Series #1: Heavy Fist', 'No description...', 'American Black Ale', NULL, '0.07', 410),
(158, 'Fire Eagle IPA', 'No description...', 'American IPA', NULL, '0.062', 410),
(159, 'Peacemaker', 'No description...', 'American Pale Ale (APA)', NULL, '0.051', 410),
(160, 'Pearl-Snap', 'No description...', 'German Pilsener', NULL, '0.053', 410),
(161, 'Black Thunder', 'No description...', 'Schwarzbier', NULL, '0.052000000000000005', 410),
(162, 'Raja', 'No description...', 'American Double / Imperial IPA', NULL, '0.08', 38),
(163, 'Perzik Saison', 'No description...', 'Saison / Farmhouse Ale', NULL, '0.064', 38),
(164, 'Avery Joe’s Premium American Pilsner', 'No description...', 'German Pilsener', '42.0', '0.047', 38),
(165, 'White Rascal', 'No description...', 'Witbier', '10.0', '0.055999999999999994', 38),
(166, 'Avery India Pale Ale', 'No description...', 'American IPA', '69.0', '0.063', 38),
(167, 'Ellie’s Brown Ale', 'No description...', 'American Brown Ale', '17.0', '0.055', 38),
(168, 'Pumpkin Beast', 'No description...', 'Pumpkin Ale', '17.0', '0.062', 357),
(169, 'OktoberBeast', 'No description...', 'Märzen / Oktoberfest', '22.0', '0.07200000000000001', 357),
(170, 'Mad Beach', 'No description...', 'American Pale Wheat Ale', '23.0', '0.048', 357),
(171, 'Hog Wild India Pale Ale', 'No description...', 'American IPA', NULL, '0.067', 357),
(172, 'Devils Tramping Ground Tripel', 'No description...', 'Tripel', '5.0', '0.092', 357),
(173, 'Hot Rod Red', 'No description...', 'American Amber / Red Ale', '41.0', '0.061', 357),
(174, 'Palate Mallet', 'No description...', 'American Double / Imperial IPA', NULL, '0.086', 233),
(175, 'Back East Porter', 'No description...', 'American Porter', NULL, '0.06', 233),
(176, 'Back East Golden Ale', 'No description...', 'American Blonde Ale', NULL, '0.049', 233),
(177, 'Misty Mountain IPA', 'No description...', 'American IPA', NULL, '0.07', 233),
(178, 'Back East Ale', 'No description...', 'American Amber / Red Ale', NULL, '0.05', 233),
(179, 'Truck Stop Honey Brown Ale', 'No description...', 'English Brown Ale', NULL, '0.06', 283),
(180, 'Naked Pig Pale Ale', 'No description...', 'American Pale Ale (APA)', '43.0', '0.06', 283),
(181, 'Topcutter India Pale Ale', 'No description...', 'American IPA', '70.0', '0.068', 480),
(182, 'Field 41 Pale Ale', 'No description...', 'American Pale Ale (APA)', '38.0', '0.044000000000000004', 480),
(183, 'Grapefruit Sculpin', 'No description...', 'American IPA', NULL, '0.07', 35),
(184, 'Even Keel', 'No description...', 'American IPA', '40.0', '0.038', 35),
(185, 'Ballast Point Pale Ale', 'No description...', 'Kölsch', '23.0', '0.052000000000000005', 35),
(186, 'Big Eye India Pale Ale', 'No description...', 'American IPA', '75.0', '0.07', 35),
(187, 'Longfin Lager', 'No description...', 'Munich Helles Lager', NULL, '0.046', 35),
(188, 'Sculpin IPA', 'No description...', 'American IPA', '70.0', '0.07', 35),
(189, 'All Nighter Ale', 'No description...', 'Extra Special / Strong Bitter (ESB)', NULL, '0.045', 315),
(190, 'Banner American Rye', 'No description...', 'Rye Beer', '20.0', '0.045', 315),
(191, 'Banner American Ale', 'No description...', 'American Amber / Red Ale', '45.0', '0.035', 315),
(192, 'Thai.p.a', 'No description...', 'American IPA', '46.0', '0.07', 21),
(193, 'Barrio Blanco', 'No description...', 'American IPA', '60.0', '0.06', 249),
(194, 'Barrio Tucson Blonde', 'No description...', 'American Blonde Ale', NULL, '0.045', 249),
(195, 'Hop in the ‘Pool Helles', 'No description...', 'American Pilsner', '22.0', '0.049', 114),
(196, 'Ultra Gnar Gnar IPA', 'No description...', 'American IPA', '60.0', '0.067', 114),
(197, 'In-Tents India Pale Lager', 'No description...', 'American Pale Lager', '62.0', '0.068', 114),
(198, 'Lost Meridian Wit', 'No description...', 'Witbier', '20.0', '0.05', 114),
(199, 'Celestial Meridian Cascadian Dark Lager', 'No description...', 'Euro Dark Lager', '45.0', '0.051', 114),
(200, 'Wagon Party', 'No description...', 'California Common / Steam Beer', '55.0', '0.054000000000000006', 256),
(201, 'Sky-Five', 'No description...', 'American IPA', '70.0', '0.067', 256),
(202, 'Stargrazer', 'No description...', 'Schwarzbier', '28.0', '0.05', 256),
(203, 'Wonderstuff', 'No description...', 'German Pilsener', '48.0', '0.054000000000000006', 256),
(204, 'Tarnation California-Style Lager', 'No description...', 'California Common / Steam Beer', NULL, '0.053', 289),
(205, 'On the Count of 3 (2015)', 'No description...', 'Hefeweizen', '42.0', '0.07', 289),
(206, 'Summer Swelter', 'No description...', 'American Pale Wheat Ale', NULL, '0.047', 289),
(207, 'Phantom Punch Winter Stout', 'No description...', 'Foreign / Export Stout', NULL, '0.068', 289),
(208, 'Hayride Autumn Ale', 'No description...', 'Rye Beer', NULL, '0.066', 289),
(209, 'Celsius Summer Ale (2012)', 'No description...', 'American Pale Wheat Ale', NULL, '0.047', 289),
(210, 'Amber Road', 'No description...', 'American Amber / Red Ale', '35.0', '0.055', 289),
(211, 'Pamola Xtra Pale Ale', 'No description...', 'American Pale Ale (APA)', '28.0', '0.049', 289),
(212, 'Stowaway IPA', 'No description...', 'American IPA', '69.0', '0.069', 289),
(213, 'Hoptopus Double IPA', 'No description...', 'American Double / Imperial IPA', '108.0', '0.08800000000000001', 303),
(214, 'Watermelon Ale', 'No description...', 'Fruit / Vegetable Beer', '10.0', '0.05', 101),
(215, 'Fenway American Pale Ale', 'No description...', 'American Pale Ale (APA)', '45.0', '0.057999999999999996', 101),
(216, 'Back Bay IPA', 'No description...', 'American IPA', '85.0', '0.068', 101),
(217, 'Bunker Hill Blueberry Ale', 'No description...', 'Other', '16.0', '0.048', 101),
(218, 'Oberon', 'No description...', 'American Pale Wheat Ale', NULL, '0.057999999999999996', 75),
(219, 'Smitten', 'No description...', 'Rye Beer', NULL, '0.06', 75),
(220, 'Winter White', 'No description...', 'Witbier', NULL, '0.05', 75),
(221, 'Oberon', 'No description...', 'American Pale Wheat Ale', NULL, '0.057999999999999996', 75),
(222, 'Two Hearted', 'No description...', 'American IPA', NULL, '0.07', 75),
(223, 'Best Brown', 'No description...', 'American Brown Ale', NULL, '0.057999999999999996', 75),
(224, 'Moar', 'No description...', 'English India Pale Ale (IPA)', '44.0', '0.044000000000000004', 54),
(225, 'Uber Lupin Schwarz IPA', 'No description...', 'American Double / Imperial IPA', NULL, '0.083', 54),
(226, 'Nordic Blonde', 'No description...', 'American Blonde Ale', '27.0', '0.057', 54),
(227, 'Cold Press', 'No description...', 'American Black Ale', NULL, '0.06', 74),
(228, 'Harness the Winter', 'No description...', 'American IPA', '87.0', '0.07200000000000001', 74),
(229, '14° ESB', 'No description...', 'Extra Special / Strong Bitter (ESB)', '32.0', '0.055999999999999994', 74),
(230, 'Bent Hop Golden IPA', 'No description...', 'American IPA', '68.0', '0.062', 74),
(231, 'Bent Paddle Black Ale', 'No description...', 'American Black Ale', '34.0', '0.06', 74),
(232, 'Venture Pils', 'No description...', 'German Pilsener', '38.0', '0.05', 74),
(233, 'Lost Sailor IPA', 'No description...', 'English India Pale Ale (IPA)', '40.0', '0.055', 275),
(234, 'Steel Rail Extra Pale Ale', 'No description...', 'American Pale Ale (APA)', '20.0', '0.053', 275),
(235, 'La Frontera Premium IPA', 'No description...', 'American IPA', NULL, '0.078', 460),
(236, 'Tejas Lager', 'No description...', 'Czech Pilsener', NULL, '0.047', 460),
(237, 'Number 22 Porter', 'No description...', 'American Porter', NULL, '0.064', 460),
(238, 'Big Bend Hefeweizen', 'No description...', 'Hefeweizen', NULL, '0.055999999999999994', 460),
(239, 'Terlingua Gold', 'No description...', 'American Blonde Ale', NULL, '0.06', 460),
(240, 'Aprè Shred', 'No description...', 'American Strong Ale', '17.0', '0.081', 218),
(241, 'Hemlock Double IPA', 'No description...', 'American Double / Imperial IPA', '104.0', '0.095', 218),
(242, 'West Portal Colorado Common Summer Ale', 'No description...', 'California Common / Steam Beer', NULL, '0.040999999999999995', 218),
(243, 'Disconnected Red', 'No description...', 'American Amber / Red Ale', '85.0', '0.067', 218),
(244, 'Big Elm IPA', 'No description...', 'American IPA', NULL, '0.07', 474),
(245, 'Gerry Dog Stout', 'No description...', 'American Stout', NULL, '0.065', 474),
(246, '413 Farmhouse Ale', 'No description...', 'Saison / Farmhouse Ale', NULL, '0.06', 474),
(247, 'Dark Star', 'No description...', 'American Stout', '54.0', '0.08', 9),
(248, 'Ryecoe', 'No description...', 'American IPA', NULL, '0.062', 9),
(249, 'Blueberry Blonde', 'No description...', 'Fruit / Vegetable Beer', NULL, '0.06', 41),
(250, 'Galaxy IPA', 'No description...', 'American IPA', '60.0', '0.075', 41),
(251, 'Big River Pilsner', 'No description...', 'Czech Pilsener', '32.0', '0.05', 516),
(252, 'House Brand IPA', 'No description...', 'American IPA', '55.0', '0.06', 516),
(253, 'Big Sky IPA', 'No description...', 'American IPA', '65.0', '0.062', 333),
(254, 'Scape Goat Pale Ale', 'No description...', 'English Pale Ale', '40.0', '0.05', 333),
(255, 'Montana Trout Slayer Ale', 'No description...', 'American Pale Wheat Ale', '35.0', '0.05', 333),
(256, 'Moose Drool Brown Ale', 'No description...', 'American Brown Ale', '26.0', '0.051', 333),
(257, 'Powder Hound Winter Ale', 'No description...', 'English Strong Ale', '60.0', '0.07200000000000001', 333),
(258, 'Moose Drool Brown Ale (2011)', 'No description...', 'American Brown Ale', '26.0', '0.051', 333),
(259, 'Montana Trout Slayer Ale (2012)', 'No description...', 'American Pale Wheat Ale', '35.0', '0.05', 333),
(260, 'Big Sky IPA (2012)', 'No description...', 'American IPA', '65.0', '0.062', 333),
(261, 'Summer Honey', 'No description...', 'American Blonde Ale', NULL, '0.047', 333),
(262, 'Scape Goat Pale Ale (2010)', 'No description...', 'English Pale Ale', '40.0', '0.05', 333),
(263, 'Montana Trout Slayer Ale (2009)', 'No description...', 'American Pale Wheat Ale', '35.0', '0.05', 333),
(264, 'Moose Drool Brown Ale (2009)', 'No description...', 'American Brown Ale', '26.0', '0.051', 333),
(265, 'Arcus IPA', 'No description...', 'American IPA', '81.0', '0.069', 219),
(266, 'Wavemaker', 'No description...', 'American Amber / Red Ale', '38.0', '0.057999999999999996', 219),
(267, 'Jack Pine Savage', 'No description...', 'American Pale Ale (APA)', '43.0', '0.053', 441),
(268, 'Forest Fire Imperial Smoked Rye', 'No description...', 'Rye Beer', '85.0', '0.099', 441),
(269, 'Bad Axe Imperial IPA', 'No description...', 'American Double / Imperial IPA', '76.0', '0.098', 441),
(270, 'Morning Wood', 'No description...', 'Oatmeal Stout', '35.0', '0.055', 441),
(271, 'Bark Bite IPA', 'No description...', 'American IPA', '50.0', '0.066', 441),
(272, 'Jalapeno Pale Ale', 'No description...', 'American Pale Ale (APA)', '45.0', '0.055', 69),
(273, 'Blown Out Brown', 'No description...', 'American Brown Ale', NULL, '0.052000000000000005', 404),
(274, 'Single Hop Ale', 'No description...', 'American Pale Ale (APA)', NULL, '0.063', 404),
(275, 'Sawtooth Ale', 'No description...', 'American Blonde Ale', NULL, '0.054000000000000006', 404),
(276, 'Saucy Intruder', 'No description...', 'Rye Beer', '75.0', '0.07200000000000001', 19),
(277, 'Deception', 'No description...', 'American Blonde Ale', '16.0', '0.045', 110),
(278, 'Blackmarket Rye IPA', 'No description...', 'American IPA', '35.0', '0.075', 110),
(279, 'Black Market Hefeweizen', 'No description...', 'Hefeweizen', '8.0', '0.05', 110),
(280, 'Aftermath Pale Ale', 'No description...', 'American Pale Ale (APA)', '44.0', '0.057999999999999996', 110),
(281, 'American India Red Ale', 'No description...', 'American Strong Ale', '83.0', '0.071', 291),
(282, 'American Red Porter', 'No description...', 'American Porter', '45.0', '0.071', 291),
(283, 'American Red Saison', 'No description...', 'Saison / Farmhouse Ale', '34.0', '0.078', 291),
(284, 'Colorado Red Ale', 'No description...', 'American Amber / Red Ale', '44.0', '0.066', 291),
(285, 'Saddle Bronc Brown Ale', 'No description...', 'American Brown Ale', '16.0', '0.048', 78),
(286, 'Bomber Mountain Amber Ale', 'No description...', 'American Amber / Red Ale', '20.0', '0.046', 78),
(287, 'Flying Sailor', 'No description...', 'Rye Beer', NULL, '0.073', 13),
(288, 'Nordskye', 'No description...', 'American IPA', '47.0', '0.048', 13),
(289, 'North Third Stout', 'No description...', 'Foreign / Export Stout', '30.0', '0.06', 13),
(290, 'Honey Lav', 'No description...', 'American Pale Wheat Ale', NULL, '0.052000000000000005', 13),
(291, 'Coconut Brown Ale', 'No description...', 'American Brown Ale', NULL, '0.068', 13),
(292, '51K IPA', 'No description...', 'American IPA', '51.0', '0.07', 13),
(293, 'Grand Rabbits', 'No description...', 'Cream Ale', NULL, '0.055', 13),
(294, '1800 Big Log Wheat (2012)', 'No description...', 'American Pale Wheat Ale', NULL, '0.05', 377),
(295, 'Double Play Pilsner', 'No description...', 'American Pilsner', NULL, NULL, 377),
(296, 'Brewerhood Brown Ale', 'No description...', 'American Brown Ale', NULL, '0.055', 377),
(297, 'Last Call Imperial Amber Ale', 'No description...', 'American Amber / Red Ale', NULL, '0.08', 377),
(298, 'Pernicious Double IPA', 'No description...', 'American Double / Imperial IPA', NULL, '0.096', 377),
(299, '6-4-3 Double Play Pilsner', 'No description...', 'German Pilsener', NULL, '0.052000000000000005', 377),
(300, 'N Street Drive-In 50th Anniversary IPA', 'No description...', 'American Double / Imperial IPA', NULL, NULL, 377),
(301, '467 Ethan\'s Stout', 'No description...', 'American Stout', NULL, '0.05', 377),
(302, '1335 Wicked Snout', 'No description...', 'Saison / Farmhouse Ale', NULL, '0.064', 377),
(303, '543 Skull Creek Fresh Hopped Pale Ale', 'No description...', 'American Pale Ale (APA)', NULL, '0.045', 377),
(304, '1327 Pod\'s ESB', 'No description...', 'Extra Special / Strong Bitter (ESB)', '37.0', '0.055999999999999994', 377),
(305, '1327 Pod\'s ESB', 'No description...', 'Extra Special / Strong Bitter (ESB)', '37.0', '0.055999999999999994', 377),
(306, '1327 Pod\'s ESB', 'No description...', 'Extra Special / Strong Bitter (ESB)', '37.0', '0.055999999999999994', 377),
(307, '834 Happy As Ale', 'No description...', 'American Pale Ale (APA)', '35.0', '0.046', 377),
(308, 'Yellow Collar', 'No description...', 'Mead', NULL, '0.059000000000000004', 419),
(309, 'Green Collar', 'No description...', 'Mead', NULL, '0.059000000000000004', 419),
(310, 'Quarter Mile Double IPA', 'No description...', 'American Double / Imperial IPA', '80.0', '0.08', 301),
(311, 'Full Nelson Pale Ale', 'No description...', 'American Pale Ale (APA)', '60.0', '0.059000000000000004', 379),
(312, 'Steel Wheels ESB', 'No description...', 'Extra Special / Strong Bitter (ESB)', '30.0', '0.065', 379),
(313, 'Blue Mountain Classic Lager', 'No description...', 'Euro Pale Lager', '22.0', '0.053', 379),
(314, 'Full Nelson Pale Ale (2010)', 'No description...', 'American Pale Ale (APA)', '60.0', '0.059000000000000004', 379),
(315, 'Kölsch 151', 'No description...', 'Kölsch', '16.0', '0.049', 411),
(316, 'Professor Black', 'No description...', 'American Stout', NULL, NULL, 76),
(317, 'Little Boss', 'No description...', 'American Pale Wheat Ale', NULL, NULL, 76),
(318, 'Van Dayum!', 'No description...', 'American Amber / Red Ale', NULL, NULL, 76),
(319, 'Spirit Animal', 'No description...', 'American Pale Ale (APA)', NULL, NULL, 76),
(320, 'Toxic Sludge', 'No description...', 'American Black Ale', NULL, '0.07', 486),
(321, 'Blue Point White IPA', 'No description...', 'American White IPA', '40.0', '0.06', 486),
(322, 'Blue Point Summer Ale', 'No description...', 'American Blonde Ale', '16.0', '0.044000000000000004', 486),
(323, 'Toasted Lager', 'No description...', 'Vienna Lager', '28.0', '0.055', 486),
(324, 'Bohemian Export Lager', 'No description...', 'Dortmunder / Export Lager', NULL, '0.06', 361),
(325, 'Altus Bohemes Altbier', 'No description...', 'Altbier', NULL, '0.053', 361),
(326, 'Cherny Bock', 'No description...', 'Schwarzbier', NULL, '0.04', 361),
(327, 'Czech Pilsner', 'No description...', 'Czech Pilsener', NULL, '0.05', 361),
(328, 'Viennese Lager', 'No description...', 'Vienna Lager', NULL, '0.05', 361),
(329, 'Mad Manatee IPA', 'No description...', 'American IPA', NULL, '0.065', 375),
(330, 'Killer Whale Cream Ale', 'No description...', 'Cream Ale', NULL, '0.055', 375),
(331, 'Duke\'s Cold Nose Brown Ale', 'No description...', 'American Brown Ale', NULL, '0.06', 375),
(332, 'Longhop IPA', 'No description...', 'American IPA', '30.0', '0.042', 278),
(333, 'Lucky Buck', 'No description...', 'Irish Dry Stout', '34.0', '0.04', 278),
(334, 'Bomb Lager (New Recipe)', 'No description...', 'Munich Helles Lager', NULL, '0.051', 522),
(335, 'Bomb Lager (Old Recipe)', 'No description...', 'Munich Helles Lager', '27.0', '0.045', 522),
(336, 'Firestarter India Pale Ale', 'No description...', 'American IPA', '72.0', '0.066', 105),
(337, 'Kilt Dropper Scotch Ale', 'No description...', 'Scotch Ale / Wee Heavy', '22.0', '0.075', 105),
(338, 'Wood Splitter Pilsner', 'No description...', 'Czech Pilsener', '30.0', '0.048', 105),
(339, 'Gyptoberfest', 'No description...', 'Märzen / Oktoberfest', '26.0', '0.055999999999999994', 105),
(340, 'Farmer Wirtz India Pale Ale', 'No description...', 'English India Pale Ale (IPA)', '94.0', '0.07', 105),
(341, 'Slow & Steady Golden Ale', 'No description...', 'American Blonde Ale', NULL, '0.047', 105),
(342, 'Pink-I Raspberry IPA', 'No description...', 'American IPA', NULL, '0.068', 105),
(343, 'Moe\'s Original Bar B Que \'Bama Brew Golden Ale', 'No description...', 'American Blonde Ale', NULL, '0.047', 105),
(344, 'Live Local Golden Ale', 'No description...', 'American Blonde Ale', NULL, '0.047', 105),
(345, 'Screaming Eagle Special Ale ESB', 'No description...', 'Extra Special / Strong Bitter (ESB)', '38.0', '0.048', 105),
(346, 'Dirtbag Dunkel', 'No description...', 'Munich Dunkel Lager', NULL, '0.049', 105),
(347, 'Kindler Pale Ale', 'No description...', 'American Pale Ale (APA)', '45.0', '0.053', 105),
(348, 'Mistress Winter Wheat', 'No description...', 'Winter Warmer', NULL, '0.064', 105),
(349, 'Tent Pole Vanilla Porter', 'No description...', 'American Porter', NULL, '0.061', 105),
(350, 'Awry Rye Pale Ale', 'No description...', 'American Pale Ale (APA)', NULL, '0.057999999999999996', 105),
(351, 'Demshitz Brown Ale', 'No description...', 'American Brown Ale', NULL, '0.057999999999999996', 105),
(352, 'Wood Splitter Pilsner (2012)', 'No description...', 'Czech Pilsener', NULL, '0.048', 105),
(353, 'Brush Creek Blonde', 'No description...', 'American Blonde Ale', NULL, '0.048', 105),
(354, 'Firestarter India Pale Ale', 'No description...', 'American IPA', '72.0', '0.066', 105),
(355, 'Noche Dulce', 'No description...', 'American Porter', '16.0', '0.071', 229),
(356, 'Porch Rocker', 'No description...', 'Radler', '8.0', '0.045', 297),
(357, 'Rebel IPA', 'No description...', 'American IPA', '45.0', '0.065', 297),
(358, 'Cold Snap', 'No description...', 'Witbier', NULL, '0.055', 297),
(359, 'Samuel Adams Winter Lager', 'No description...', 'Bock', NULL, '0.055999999999999994', 297),
(360, 'Boston Lager', 'No description...', 'Vienna Lager', '30.0', '0.049', 297),
(361, 'Boston Lager', 'No description...', 'Vienna Lager', '30.0', '0.049', 297),
(362, 'Samuel Adams Octoberfest', 'No description...', 'Märzen / Oktoberfest', '15.0', '0.053', 297),
(363, 'Samuel Adams Summer Ale', 'No description...', 'American Pale Wheat Ale', '7.0', '0.053', 297),
(364, 'Boston Lager', 'No description...', 'Vienna Lager', '30.0', '0.049', 297),
(365, 'Hazed & Infused', 'No description...', 'American Pale Ale (APA)', '35.0', '0.049', 414),
(366, 'Hoopla Pale Ale', 'No description...', 'American Pale Ale (APA)', '35.0', '0.057', 414),
(367, 'Hazed & Infused (2010)', 'No description...', 'American Pale Ale (APA)', '35.0', '0.049', 414),
(368, 'Heavy Lifting', 'No description...', 'American IPA', '80.0', '0.062', 32),
(369, '1492', 'No description...', 'American Pale Ale (APA)', NULL, '0.065', 165),
(370, 'Mango Ginger', 'No description...', 'American IPA', NULL, '0.057999999999999996', 165),
(371, 'Passenger', 'No description...', 'English Dark Mild Ale', NULL, '0.047', 165),
(372, 'Plum St. Porter', 'No description...', 'American Porter', '52.0', '0.06', 217),
(373, 'Plum St. Porter', 'No description...', 'American Porter', '52.0', '0.057', 217),
(374, 'Bozone HopZone IPA', 'No description...', 'American IPA', '80.0', '0.07', 217),
(375, 'Bozone Hefe Weizen', 'No description...', 'Hefeweizen', '25.0', '0.06', 217),
(376, 'Bozone Select Amber Ale', 'No description...', 'American Amber / Red Ale', NULL, '0.055', 217),
(377, 'Evil Owl', 'No description...', 'American Amber / Red Ale', '40.0', '0.052000000000000005', 205),
(378, 'Post Time Kölsch', 'No description...', 'Kölsch', NULL, '0.05', 193),
(379, 'Agave Wheat', 'No description...', 'American Pale Wheat Ale', '9.0', '0.042', 388),
(380, 'SummerBright Ale', 'No description...', 'American Pale Wheat Ale', '15.0', '0.045', 388),
(381, 'Lucky U IPA', 'No description...', 'American IPA', '68.0', '0.062', 388),
(382, 'Avalanche Ale', 'No description...', 'American Amber / Red Ale', '19.0', '0.054000000000000006', 388),
(383, 'You\'re My Boy, Blue', 'No description...', 'Fruit / Vegetable Beer', NULL, '0.05', 305),
(384, 'Last Stop IPA', 'No description...', 'American IPA', '60.0', '0.07200000000000001', 305),
(385, 'Rollin Dirty Red Ale', 'No description...', 'Irish Red Ale', '21.0', '0.05', 305),
(386, 'Are Wheat There Yet?', 'No description...', 'American Pale Wheat Ale', '28.0', '0.055', 305),
(387, 'Insert Hop Reference', 'No description...', 'American Pale Ale (APA)', NULL, '0.057999999999999996', 20),
(388, 'Manitou Amber', 'No description...', 'American Amber / Red Ale', NULL, '0.053', 84),
(389, 'Belfort', 'No description...', 'Saison / Farmhouse Ale', NULL, '0.067', 11),
(390, 'Star Runner', 'No description...', 'Belgian Pale Ale', NULL, '0.06', 11),
(391, 'Tart Side of the Barrel', 'No description...', 'American Double / Imperial Stout', NULL, '0.098', 11),
(392, 'Linnaeus Mango IPA', 'No description...', 'American IPA', NULL, '0.06', 11),
(393, 'Beasts A\'Burnin\'', 'No description...', 'Rauchbier', NULL, '0.07', 11),
(394, 'Verdun', 'No description...', 'Bière de Garde', NULL, '0.077', 11),
(395, 'Barrel Aged Triomphe', 'No description...', 'Belgian IPA', NULL, '0.065', 11),
(396, 'Cherry Doppelbock', 'No description...', 'Doppelbock', NULL, '0.065', 11),
(397, 'Tropical Saison', 'No description...', 'Saison / Farmhouse Ale', NULL, '0.065', 11),
(398, 'Beach Patrol', 'No description...', 'Witbier', NULL, '0.065', 11),
(399, 'Nuit Serpent', 'No description...', 'Belgian IPA', NULL, '0.05', 11),
(400, 'Paris', 'No description...', 'Saison / Farmhouse Ale', NULL, '0.09', 11),
(401, 'The Grand Army', 'No description...', 'Belgian IPA', NULL, '0.055', 11),
(402, 'Acidulated Trip', 'No description...', 'Saison / Farmhouse Ale', NULL, '0.059000000000000004', 11),
(403, 'Root Stock', 'No description...', 'Rye Beer', NULL, '0.066', 11),
(404, 'Mind Games', 'No description...', 'Dunkelweizen', NULL, '0.040999999999999995', 11),
(405, 'Sous Chef', 'No description...', 'Belgian Strong Pale Ale', NULL, '0.08199999999999999', 11),
(406, 'Dubbelicious', 'No description...', 'Dubbel', NULL, '0.065', 11),
(407, 'Psychopomp', 'No description...', 'Belgian Dark Ale', NULL, '0.062', 11),
(408, 'Fat Paczki', 'No description...', 'Belgian Dark Ale', NULL, NULL, 11),
(409, 'Earth-Like Planets', 'No description...', 'Belgian Pale Ale', NULL, NULL, 11),
(410, 'Ski Patrol', 'No description...', 'Witbier', NULL, '0.061', 11),
(411, 'Viking Ice Hole', 'No description...', 'Oatmeal Stout', NULL, '0.063', 11),
(412, 'Rye Porter', 'No description...', 'American Porter', NULL, '0.055999999999999994', 11),
(413, 'Wizard Burial Ground', 'No description...', 'Quadrupel (Quad)', NULL, '0.099', 11),
(414, 'Smoky Wheat', 'No description...', 'Rauchbier', NULL, '0.051', 11),
(415, 'BRIPA', 'No description...', 'Belgian IPA', NULL, '0.062', 11),
(416, 'Mela', 'No description...', 'Belgian Dark Ale', NULL, '0.062', 11),
(417, 'W.I.P.A Snappa', 'No description...', 'Belgian IPA', NULL, '0.053', 11),
(418, 'Pepper in the Rye', 'No description...', 'Rye Beer', NULL, '0.063', 11),
(419, 'Moe Lasses\'', 'No description...', 'American Stout', NULL, '0.064', 11),
(420, 'Pumpkin Tart', 'No description...', 'Fruit / Vegetable Beer', NULL, '0.07', 11),
(421, 'Undertaker', 'No description...', 'Belgian Dark Ale', NULL, '0.067', 11),
(422, 'Undertaker (2014)', 'No description...', 'Belgian Dark Ale', NULL, '0.067', 11),
(423, 'Coq D\'Or', 'No description...', 'Belgian Pale Ale', NULL, '0.05', 11),
(424, 'North French', 'No description...', 'Bière de Garde', NULL, '0.06', 11),
(425, 'Agent a Deux', 'No description...', 'Belgian Dark Ale', NULL, '0.065', 11),
(426, 'Belgian Wit', 'No description...', 'Witbier', NULL, '0.045', 11),
(427, 'Pothole Stout', 'No description...', 'American Stout', NULL, '0.063', 11),
(428, 'Tree Bucket', 'No description...', 'Belgian IPA', NULL, '0.09300000000000001', 11),
(429, 'Le Flaneur Ale', 'No description...', 'American Wild Ale', NULL, '0.073', 11),
(430, 'Maize & Blueberry', 'No description...', 'Fruit / Vegetable Beer', NULL, '0.055999999999999994', 11),
(431, 'Trebuchet Double IPA', 'No description...', 'American Double / Imperial IPA', NULL, '0.09300000000000001', 11),
(432, 'Contemplation', 'No description...', 'Bière de Garde', NULL, '0.065', 11),
(433, 'Black Rabbit', 'No description...', 'American Black Ale', NULL, '0.05', 11),
(434, 'Zaison', 'No description...', 'Saison / Farmhouse Ale', NULL, '0.09', 11),
(435, 'Vivant Tripel', 'No description...', 'Tripel', NULL, '0.08199999999999999', 11),
(436, 'Tart Side of the Moon', 'No description...', 'Belgian Dark Ale', NULL, '0.098', 11),
(437, 'Big Red Coq', 'No description...', 'American Amber / Red Ale', NULL, '0.06', 11),
(438, 'Hubris Quadrupel Anniversary Ale', 'No description...', 'Quadrupel (Quad)', NULL, '0.099', 11),
(439, 'Plow Horse Belgian Style Imperial Stout', 'No description...', 'American Double / Imperial Stout', NULL, '0.095', 11),
(440, 'Escoffier Bretta Ale', 'No description...', 'American Wild Ale', NULL, '0.092', 11),
(441, 'Contemplation (2012)', 'No description...', 'Bière de Garde', NULL, '0.065', 11),
(442, 'Vivant Belgian Style Imperial Stout (2012)', 'No description...', 'Russian Imperial Stout', NULL, '0.099', 11),
(443, 'Big Red Coq (2012)', 'No description...', 'American Amber / Red Ale', NULL, '0.062', 11),
(444, 'Zaison (2012)', 'No description...', 'Saison / Farmhouse Ale', NULL, '0.09', 11),
(445, 'Vivant Tripel (2012)', 'No description...', 'Tripel', NULL, '0.092', 11),
(446, 'Trebuchet Double IPA (2012)', 'No description...', 'Belgian IPA', NULL, '0.09699999999999999', 11),
(447, 'Kludde', 'No description...', 'Belgian Strong Dark Ale', NULL, '0.085', 11),
(448, 'Farm Hand', 'No description...', 'Saison / Farmhouse Ale', NULL, '0.055', 11),
(449, 'Solitude', 'No description...', 'Belgian Pale Ale', NULL, '0.06', 11),
(450, 'Triomphe', 'No description...', 'Belgian IPA', NULL, '0.065', 11),
(451, 'Tampa Pale Ale', 'No description...', 'American Pale Ale (APA)', NULL, NULL, 464),
(452, 'Orange Grove Wheat Ale', 'No description...', 'American Pale Wheat Ale', NULL, NULL, 464),
(453, 'Broad Brook Ale', 'No description...', 'American Amber / Red Ale', NULL, '0.061', 88),
(454, 'Northern Lights Amber Ale', 'No description...', 'American Amber / Red Ale', '15.0', '0.05', 490),
(455, 'Polar Pale Ale', 'No description...', 'American Pale Ale (APA)', '17.0', '0.052000000000000005', 490),
(456, 'Chugach Session Ale', 'No description...', 'Cream Ale', NULL, '0.048', 490),
(457, 'Fairweather IPA', 'No description...', 'American IPA', '64.0', '0.061', 490),
(458, 'East India Pale Ale', 'No description...', 'English India Pale Ale (IPA)', '47.0', '0.068', 434),
(459, 'Brooklyn Summer Ale', 'No description...', 'English Pale Mild Ale', NULL, '0.045', 434),
(460, 'East India Pale Ale', 'No description...', 'English India Pale Ale (IPA)', '47.0', '0.068', 434),
(461, 'Brooklyn Summer Ale (2011)', 'No description...', 'English Pale Mild Ale', NULL, '0.045', 434),
(462, 'Brooklyn Lager (16 oz.)', 'No description...', 'American Amber / Red Lager', NULL, '0.052000000000000005', 434),
(463, 'Brooklyn Lager (12 oz.)', 'No description...', 'American Amber / Red Lager', NULL, '0.052000000000000005', 434),
(464, 'Tour de Nez Belgian IPA (Current)', 'No description...', 'Belgian IPA', NULL, '0.08', 527),
(465, 'Roler Bock (Current)', 'No description...', 'Maibock / Helles Bock', NULL, NULL, 527),
(466, 'Black Adder IBA (Current)', 'No description...', 'American Black Ale', '85.0', '0.073', 527),
(467, 'Very Noddy Lager (Current)', 'No description...', 'Schwarzbier', NULL, '0.099', 527),
(468, 'Tule Duck Red Ale (Current)', 'No description...', 'American Amber / Red Ale', '42.0', '0.062', 527),
(469, 'Original Orange Blossom Ale (Current)', 'No description...', 'Herbed / Spiced Beer', '35.0', '0.057999999999999996', 527),
(470, 'Black Noddy Lager (Current)', 'No description...', 'Schwarzbier', '40.0', '0.052000000000000005', 527),
(471, 'Cleveland Beer Week 2013', 'No description...', 'Munich Helles Lager', NULL, '0.053', 354),
(472, 'Painted Turtle', 'No description...', 'American Pale Ale (APA)', NULL, '0.045', 57),
(473, '1836', 'No description...', 'American Blonde Ale', '40.0', '0.06', 212),
(474, 'Summer\'s Wit', 'No description...', 'Witbier', '20.0', '0.06', 212),
(475, 'More Cowbell', 'No description...', 'American Double / Imperial IPA', '118.0', '0.09', 212),
(476, 'Wrath of Pele', 'No description...', 'American Brown Ale', NULL, '0.065', 25),
(477, 'Black Beer\'d', 'No description...', 'American Black Ale', NULL, '0.068', 25),
(478, 'Mr. Tea', 'No description...', 'Fruit / Vegetable Beer', NULL, '0.078', 25),
(479, 'Pale Alement', 'No description...', 'American Pale Ale (APA)', '40.0', '0.055', 25),
(480, 'Hopkick Dropkick', 'No description...', 'American Double / Imperial IPA', '115.0', '0.099', 25),
(481, 'Kreamed Corn', 'No description...', 'Cream Ale', NULL, '0.06', 25),
(482, 'Coconoats', 'No description...', 'American Pale Wheat Ale', NULL, '0.065', 25),
(483, 'Joey Wheat', 'No description...', 'American Pale Wheat Ale', '16.0', '0.068', 25),
(484, '3:33 Black IPA', 'No description...', 'American IPA', '86.0', '0.07200000000000001', 25),
(485, 'MCA', 'No description...', 'American IPA', NULL, '0.068', 25),
(486, 'Pale Alement', 'No description...', 'American Pale Ale (APA)', '40.0', '0.055', 25),
(487, 'Couch Select Lager', 'No description...', 'American Pale Lager', '14.0', '0.05', 195),
(488, 'Mucho Aloha Hawaiian Pale Ale', 'No description...', 'American Pale Ale (APA)', '36.0', '0.055999999999999994', 514),
(489, 'Heinnieweisse Weissebier', 'No description...', 'Hefeweizen', NULL, '0.049', 553),
(490, 'Snapperhead IPA', 'No description...', 'American IPA', NULL, '0.068', 553),
(491, 'Moo Thunder Stout', 'No description...', 'Milk / Sweet Stout', NULL, '0.049', 553),
(492, 'Porkslap Pale Ale', 'No description...', 'American Pale Ale (APA)', NULL, '0.043', 553),
(493, 'Blackbeard', 'No description...', 'American Double / Imperial Stout', NULL, '0.09300000000000001', 6),
(494, 'Rye Knot', 'No description...', 'American Brown Ale', NULL, '0.062', 6),
(495, 'Dead Arm', 'No description...', 'American Pale Ale (APA)', NULL, '0.06', 6),
(496, '32°/50° Kölsch', 'No description...', 'Kölsch', NULL, '0.048', 6),
(497, 'HopArt', 'No description...', 'American IPA', NULL, '0.077', 6),
(498, 'Boy King', 'No description...', 'American Double / Imperial IPA', NULL, '0.09699999999999999', 6),
(499, 'Gran Sport', 'No description...', 'American Porter', NULL, '0.052000000000000005', 180),
(500, 'Horny Toad Cerveza', 'No description...', 'American Blonde Ale', '25.0', '0.053', 180),
(501, 'Native Amber', 'No description...', 'American Amber / Red Ale', '35.0', '0.063', 180),
(502, 'F5 IPA', 'No description...', 'American IPA', '100.0', '0.068', 180),
(503, 'Native Amber (2013)', 'No description...', 'American Amber / Red Ale', '35.0', '0.063', 180),
(504, 'Horny Toad Cerveza (2013)', 'No description...', 'American Blonde Ale', '25.0', '0.053', 180),
(505, 'Hopportunity Knocks IPA', 'No description...', 'American IPA', '100.0', '0.068', 153),
(506, 'Pilot Rock Porter', 'No description...', 'American Porter', NULL, '0.06', 153),
(507, 'Caldera Pale Ale', 'No description...', 'American Pale Ale (APA)', '55.0', '0.055999999999999994', 153),
(508, 'Lawnmower Lager', 'No description...', 'American Adjunct Lager', '16.0', '0.039', 153),
(509, 'Ashland Amber Ale (2009)', 'No description...', 'American Amber / Red Ale', '24.0', '0.054000000000000006', 153),
(510, 'Caldera IPA (2009)', 'No description...', 'American IPA', '94.0', '0.061', 153),
(511, 'Caldera IPA (2007)', 'No description...', 'American IPA', '94.0', '0.061', 153),
(512, 'Caldera Pale Ale (2010)', 'No description...', 'American Pale Ale (APA)', '55.0', '0.055999999999999994', 153),
(513, 'Caldera Pale Ale (2009)', 'No description...', 'American Pale Ale (APA)', '55.0', '0.055999999999999994', 153),
(514, 'Caldera Pale Ale (2005)', 'No description...', 'American Pale Ale (APA)', '55.0', '0.055999999999999994', 153),
(515, 'Caldera Pale Ale (2007)', 'No description...', 'American Pale Ale (APA)', '55.0', '0.055999999999999994', 153),
(516, 'Caldera Pale Ale (2011)', 'No description...', 'American Pale Ale (APA)', '55.0', '0.055999999999999994', 153),
(517, 'Ashland Amber Ale', 'No description...', 'American Amber / Red Ale', '24.0', '0.054000000000000006', 153),
(518, 'Caldera IPA', 'No description...', 'American IPA', '94.0', '0.061', 153),
(519, 'Remain in Light', 'No description...', 'American Pilsner', NULL, '0.05', 176),
(520, 'Flower Child (2014)', 'No description...', 'American IPA', NULL, '0.065', 176),
(521, 'THP White (2006)', 'No description...', 'Witbier', NULL, NULL, 494),
(522, 'THP Amber (2006)', 'No description...', 'American Amber / Red Ale', NULL, NULL, 494),
(523, 'THP Light (2006)', 'No description...', 'American Blonde Ale', NULL, NULL, 494),
(524, 'THP Dark (2006)', 'No description...', 'English Dark Mild Ale', NULL, NULL, 494),
(525, 'Imperial Pumpkin Stout', 'No description...', 'Pumpkin Ale', '43.0', '0.099', 228),
(526, 'Dead-Eye DIPA', 'No description...', 'American Double / Imperial IPA', '130.0', '0.09', 228),
(527, 'Fisherman\'s IPA', 'No description...', 'American IPA', '64.0', '0.055', 228),
(528, 'Fisherman\'s Pils', 'No description...', 'German Pilsener', '35.0', '0.054000000000000006', 228),
(529, 'Fisherman\'s Brew', 'No description...', 'American Amber / Red Ale', '30.0', '0.055', 228),
(530, 'Cape Cod Red', 'No description...', 'American Amber / Red Ale', '35.0', '0.055', 264),
(531, 'Beach Blonde', 'No description...', 'American Blonde Ale', '10.0', '0.049', 264),
(532, 'Dark Voyage Black IPA (2013)', 'No description...', 'American Black Ale', '80.0', '0.065', 190),
(533, 'Wisconsin Amber', 'No description...', 'Vienna Lager', '28.0', '0.052000000000000005', 190),
(534, 'Lake House', 'No description...', 'Munich Helles Lager', '18.0', '0.046', 190),
(535, 'Ghost Ship White IPA', 'No description...', 'American IPA', '55.0', '0.055999999999999994', 190),
(536, 'Lake House', 'No description...', 'Munich Helles Lager', '18.0', '0.046', 190),
(537, 'Mutiny IPA', 'No description...', 'American IPA', '70.0', '0.062', 190),
(538, 'Wisconsin Amber (1998)', 'No description...', 'Vienna Lager', NULL, '0.052000000000000005', 190),
(539, 'Island Wheat', 'No description...', 'American Pale Wheat Ale', NULL, '0.042', 190),
(540, 'Wisconsin Amber (2013)', 'No description...', 'Vienna Lager', NULL, '0.052000000000000005', 190),
(541, 'U.S. Pale Ale', 'No description...', 'American Pale Ale (APA)', NULL, '0.05', 190),
(542, 'Supper Club Lager', 'No description...', 'American Pale Lager', NULL, NULL, 190),
(543, 'Carolina Lighthouse (2007)', 'No description...', 'American Blonde Ale', NULL, '0.04', 501),
(544, 'Carolina Blonde (2006)', 'No description...', 'American Blonde Ale', NULL, '0.05', 501),
(545, 'Carolina Blonde Light (2005)', 'No description...', 'American Blonde Ale', NULL, '0.035', 501),
(546, 'Santa\'s Secret', 'No description...', 'Winter Warmer', '22.0', '0.059000000000000004', 177);
INSERT INTO `BEER` (`BEER_ID`, `BEER_NAME`, `BEER_DESCRIPTION`, `BEER_STYLE`, `BEER_IBU`, `BEER_ABV`, `BREWER_ID`) VALUES
(547, 'Flagship IPA', 'No description...', 'English India Pale Ale (IPA)', NULL, '0.057', 177),
(548, 'Sky Blue Golden Ale', 'No description...', 'Kölsch', NULL, '0.051', 177),
(549, 'Epitome', 'No description...', 'American Black Ale', '100.0', '0.099', 220),
(550, 'Monkey Chased the Weasel', 'No description...', 'Berliner Weissbier', '9.0', '0.039', 220),
(551, '077XX', 'No description...', 'American Double / Imperial IPA', '80.0', '0.078', 220),
(552, 'Boat Beer', 'No description...', 'American IPA', '35.0', '0.042', 220),
(553, 'Granny Smith Hard Apple Cider', 'No description...', 'Cider', NULL, '0.069', 401),
(554, 'Dry Hard Apple Cider', 'No description...', 'Cider', NULL, '0.069', 401),
(555, 'Farmer Ted\'s Cream Ale', 'No description...', 'Cream Ale', NULL, '0.055999999999999994', 328),
(556, 'Firewater India Pale Ale', 'No description...', 'American IPA', NULL, '0.052000000000000005', 328),
(557, 'White Zombie Ale', 'No description...', 'Witbier', NULL, '0.047', 328),
(558, 'King Winterbolt Winter Ale', 'No description...', 'Winter Warmer', NULL, '0.07', 328),
(559, 'White Zombie Ale', 'No description...', 'Witbier', NULL, '0.047', 328),
(560, 'Firewater India Pale Ale', 'No description...', 'American IPA', NULL, '0.052000000000000005', 328),
(561, 'Farmer Ted\'s Farmhouse Cream Ale', 'No description...', 'Cream Ale', NULL, '0.055999999999999994', 328),
(562, 'Whitecap Wit', 'No description...', 'Witbier', '16.0', '0.048', 282),
(563, 'Seiche Scottish Ale', 'No description...', 'Scottish Ale', '16.0', '0.078', 282),
(564, 'Peanut Butter Jelly Time', 'No description...', 'American Brown Ale', NULL, '0.057999999999999996', 94),
(565, 'King Coconut', 'No description...', 'American Porter', NULL, '0.054000000000000006', 94),
(566, 'Gone A-Rye', 'No description...', 'American Double / Imperial IPA', '90.0', '0.085', 30),
(567, 'Special Release', 'No description...', NULL, NULL, NULL, 30),
(568, 'Dankosaurus', 'No description...', 'American IPA', '70.0', '0.068', 30),
(569, 'Scruffy\'s Smoked Alt', 'No description...', 'Smoked Beer', '35.0', '0.051', 30),
(570, 'Elliott\'s Phoned Home Pale Ale', 'No description...', 'American Pale Ale (APA)', '36.0', '0.051', 30),
(571, 'The Lawn Ranger', 'No description...', 'Cream Ale', '18.0', '0.05', 30),
(572, 'All American Blonde Ale', 'No description...', 'American Blonde Ale', NULL, '0.05', 449),
(573, 'All American Red Ale', 'No description...', 'American Amber / Red Ale', NULL, '0.05', 449),
(574, 'Main St. Virginia Ale', 'No description...', 'Altbier', '40.0', '0.05', 120),
(575, 'Chin Music Amber Lager', 'No description...', 'American Amber / Red Lager', '24.0', '0.045', 120),
(576, 'Main St. Virginia Ale', 'No description...', 'Altbier', '40.0', '0.05', 120),
(577, 'Ray Ray’s Pale Ale', 'No description...', 'American Pale Ale (APA)', '42.0', '0.052000000000000005', 120),
(578, 'Chai Ale', 'No description...', 'Herbed / Spiced Beer', '15.0', '0.051', 347),
(579, 'Lucky Day IPA', 'No description...', 'American IPA', '85.0', '0.07200000000000001', 347),
(580, 'Terrace Hill Double IPA', 'No description...', 'American Double / Imperial IPA', '99.0', '0.095', 347),
(581, 'Catch 23', 'No description...', 'American Black Ale', '77.0', '0.075', 347),
(582, 'Stickin\' In My Rye', 'No description...', 'Rye Beer', NULL, '0.07', 234),
(583, 'Black Me Stout', 'No description...', 'American Stout', '45.0', '0.06', 234),
(584, 'Killer Kolsch', 'No description...', 'Kölsch', '22.0', '0.05', 234),
(585, 'Missile IPA', 'No description...', 'American IPA', '65.0', '0.07', 234),
(586, 'Enlighten', 'No description...', 'Kölsch', NULL, '0.045', 248),
(587, 'Ale Cider', 'No description...', 'Fruit / Vegetable Beer', '8.0', '0.065', 248),
(588, 'Pail Ale', 'No description...', 'American Pale Ale (APA)', '30.0', '0.055', 248),
(589, 'Englishman', 'No description...', 'English Brown Ale', NULL, '0.045', 248),
(590, '8 Barrel', 'No description...', 'American Strong Ale', '69.0', '0.08', 224),
(591, 'Oktoberfest', 'No description...', 'Märzen / Oktoberfest', '40.0', '0.055', 224),
(592, 'IPA #11', 'No description...', 'American IPA', '58.0', '0.057', 119),
(593, 'Blood Orange Honey', 'No description...', 'Fruit / Vegetable Beer', '10.0', '0.057', 119),
(594, 'Lighthouse Amber', 'No description...', 'Altbier', NULL, '0.052000000000000005', 119),
(595, 'Bay of Bengal Double IPA (2014)', 'No description...', 'American Double / Imperial IPA', '126.0', '0.08900000000000001', 97),
(596, 'Churchkey Pilsner Style Beer', 'No description...', 'American Pilsner', '29.0', '0.049', 523),
(597, 'First Press', 'No description...', 'Cider', NULL, '0.05', 422),
(598, 'Magic Apple', 'No description...', 'Cider', NULL, '0.05', 422),
(599, 'Cubano Espresso', 'No description...', 'Bock', '25.0', '0.055', 139),
(600, 'Operation Homefront', 'No description...', 'American IPA', '65.0', '0.062', 139),
(601, 'Wandering Pelican', 'No description...', 'American Black Ale', '65.0', '0.08199999999999999', 139),
(602, 'Sugar Plum', 'No description...', 'American Brown Ale', NULL, '0.055', 139),
(603, 'Oktoberfest', 'No description...', 'Märzen / Oktoberfest', NULL, '0.055', 139),
(604, 'Puppy\'s Breath Porter', 'No description...', 'American Porter', NULL, '0.06', 139),
(605, 'Happening Now', 'No description...', 'American IPA', NULL, '0.045', 139),
(606, 'Hopped on the High Seas (Hop #529)', 'No description...', 'American IPA', '60.0', '0.07', 139),
(607, 'Hopped on the High Seas (Calypso)', 'No description...', 'American IPA', '60.0', '0.07', 139),
(608, 'Wiregrass Post-Prohibition Ale', 'No description...', 'American Pale Ale (APA)', NULL, '0.063', 139),
(609, 'Dry-Hopped On The High Seas Caribbean-Style IPA', 'No description...', 'American IPA', '60.0', '0.07', 139),
(610, 'Hopped on the High Seas (Citra)', 'No description...', 'American IPA', '60.0', '0.07', 139),
(611, 'Hopped on the High Seas (Ahtanum)', 'No description...', 'American IPA', '60.0', '0.07', 139),
(612, 'Gwar Beer', 'No description...', 'American Pale Ale (APA)', NULL, '0.055', 139),
(613, 'Tropical Heatwave', 'No description...', 'American Pale Wheat Ale', NULL, '0.052000000000000005', 139),
(614, 'Humidor Series India Pale Ale', 'No description...', 'American IPA', '70.0', '0.075', 139),
(615, 'Jai Alai IPA Aged on White Oak', 'No description...', 'American IPA', '70.0', '0.075', 139),
(616, 'José Martí American Porter', 'No description...', 'American Porter', '65.0', '0.08', 139),
(617, 'Invasion Pale Ale', 'No description...', 'American Pale Ale (APA)', NULL, '0.05', 139),
(618, 'Maduro Brown Ale', 'No description...', 'English Brown Ale', '25.0', '0.055', 139),
(619, 'Maduro Brown Ale', 'No description...', 'American Brown Ale', '25.0', '0.055', 139),
(620, 'Hotter Than Helles Lager', 'No description...', 'Munich Helles Lager', NULL, '0.05', 139),
(621, 'Tocobaga Red Ale', 'No description...', 'American Amber / Red Ale', '75.0', '0.07200000000000001', 139),
(622, 'Jai Alai IPA', 'No description...', 'American IPA', '70.0', '0.075', 139),
(623, 'Florida Cracker Belgian Wit', 'No description...', 'Witbier', '18.0', '0.05', 139),
(624, 'Shark Tracker Light lager', 'No description...', 'Light Lager', NULL, '0.048', 143),
(625, 'Pumple Drumkin', 'No description...', 'Pumpkin Ale', NULL, '0.06', 143),
(626, 'Grey Lady', 'No description...', 'Witbier', NULL, '0.045', 143),
(627, 'Summer of Lager', 'No description...', 'Munich Helles Lager', NULL, '0.062', 143),
(628, 'Indie Pale Ale', 'No description...', 'American IPA', NULL, '0.065', 143),
(629, 'Sankaty Light Lager', 'No description...', 'Light Lager', NULL, '0.038', 143),
(630, 'Whale\'s Tale Pale Ale', 'No description...', 'English Pale Ale', NULL, '0.055999999999999994', 143),
(631, 'Jacaranada Rye IPA', 'No description...', 'American IPA', '60.0', '0.067', 317),
(632, 'Cascadian Dark Ale', 'No description...', 'American Black Ale', '75.0', '0.06', 415),
(633, 'Wheat the People', 'No description...', 'American Pale Wheat Ale', '13.0', '0.044000000000000004', 415),
(634, 'Tybee Island Blonde', 'No description...', 'American Blonde Ale', '17.0', '0.047', 412),
(635, 'Savannah Brown Ale', 'No description...', 'American Brown Ale', '55.0', '0.062', 412),
(636, 'Rhode Island Blueberry', 'No description...', 'Kölsch', '11.0', '0.046', 99),
(637, 'Newport Storm IPA', 'No description...', 'American IPA', '75.0', '0.065', 99),
(638, 'Hurricane Amber Ale (2004)', 'No description...', 'American Amber / Red Ale', '24.0', '0.052000000000000005', 99),
(639, 'Hurricane Amber Ale', 'No description...', 'American Amber / Red Ale', '24.0', '0.052000000000000005', 99),
(640, 'Big Blue Van', 'No description...', 'Fruit / Vegetable Beer', NULL, '0.057999999999999996', 230),
(641, 'Des Moines IPA', 'No description...', 'American IPA', '75.0', '0.068', 479),
(642, 'Capital Gold Golden Lager', 'No description...', 'German Pilsener', '22.0', '0.048', 479),
(643, 'Farmer John\'s Multi-Grain Ale', 'No description...', 'American Blonde Ale', '21.0', '0.055999999999999994', 479),
(644, 'Behemoth', 'No description...', 'American Pilsner', NULL, '0.05', 137),
(645, 'Arkansas Red', 'No description...', 'American Amber / Red Ale', NULL, '0.052000000000000005', 137),
(646, 'Core Oatmeal Stout', 'No description...', 'Oatmeal Stout', NULL, '0.057', 137),
(647, 'Core ESB', 'No description...', 'Extra Special / Strong Bitter (ESB)', NULL, '0.061', 137),
(648, 'Chester\'s Beer (2005)', 'No description...', 'American Pale Lager', NULL, '0.038', 509),
(649, 'Heiner Brau Kölsch', 'No description...', 'Kölsch', NULL, '0.05', 550),
(650, 'Trigger Blonde Ale', 'No description...', 'American Blonde Ale', NULL, '0.048', 512),
(651, 'Crabtree Oatmeal Stout', 'No description...', 'Oatmeal Stout', '29.0', '0.075', 512),
(652, 'Eclipse Black IPA', 'No description...', 'American Black Ale', '71.0', '0.077', 512),
(653, 'Neomexicanus Native', 'No description...', 'American Pale Ale (APA)', '46.0', '0.06', 62),
(654, 'Old Soul', 'No description...', 'Belgian Strong Pale Ale', '25.0', '0.075', 62),
(655, 'Snowcat Coffee Stout', 'No description...', 'American Stout', NULL, '0.059000000000000004', 62),
(656, 'WinterWonderGrass Festival Ale', 'No description...', 'American Amber / Red Ale', NULL, NULL, 62),
(657, 'Boohai Red Ale', 'No description...', 'American Amber / Red Ale', NULL, NULL, 62),
(658, 'Lava Lake Wit', 'No description...', 'Witbier', '15.0', '0.052000000000000005', 62),
(659, 'Mountain Livin\' Pale Ale', 'No description...', 'American Pale Ale (APA)', NULL, '0.06', 62),
(660, 'Crazy Mountain Amber Ale', 'No description...', 'American Amber / Red Ale', '25.0', '0.052000000000000005', 62),
(661, 'Tropicalia', 'No description...', 'American IPA', '65.0', '0.065', 245),
(662, 'Athena', 'No description...', 'Berliner Weissbier', NULL, '0.045', 245),
(663, 'Aviator Raspberry Blonde', 'No description...', 'American Blonde Ale', '25.0', '0.049', 167),
(664, '3 Picket Porter', 'No description...', 'American Porter', NULL, '0.055', 167),
(665, 'Rusty Nail Pale Ale', 'No description...', 'American Pale Ale (APA)', NULL, '0.055999999999999994', 167),
(666, 'Red Water Irish Style Red', 'No description...', 'American Amber / Red Ale', NULL, '0.065', 210),
(667, 'Mjöllnir', 'No description...', 'Herbed / Spiced Beer', NULL, '0.066', 210),
(668, 'Bear Butte Nut Brown Ale', 'No description...', 'American Brown Ale', NULL, '0.055', 210),
(669, 'Easy Livin\' Summer Ale', 'No description...', 'American Blonde Ale', NULL, '0.045', 210),
(670, 'Canyon Cream Ale', 'No description...', 'Cream Ale', NULL, '0.055', 210),
(671, 'Pile O\'Dirt Porter', 'No description...', 'American Porter', NULL, '0.069', 210),
(672, '11th Hour IPA', 'No description...', 'American IPA', NULL, '0.06', 210),
(673, 'South Ridge Amber Ale', 'No description...', 'American Amber / Red Ale', '31.0', '0.06', 469),
(674, 'Summertime Ale', 'No description...', 'Kölsch', '23.0', '0.052000000000000005', 469),
(675, 'Lost River Blonde Ale', 'No description...', 'American Blonde Ale', NULL, '0.049', 312),
(676, 'Monon Wheat', 'No description...', 'Witbier', NULL, '0.054000000000000006', 312),
(677, 'Floyd\'s Folly', 'No description...', 'Scottish Ale', NULL, '0.08', 312),
(678, 'Half Court IPA', 'No description...', 'American IPA', NULL, '0.063', 312),
(679, 'Geary\'s Pale Ale', 'No description...', 'English Pale Ale', NULL, '0.045', 320),
(680, 'Geary\'s Summer Ale', 'No description...', 'Kölsch', NULL, '0.06', 320),
(681, 'Stone of Arbroath', 'No description...', 'Scotch Ale / Wee Heavy', NULL, '0.08', 225),
(682, 'The Tradition', 'No description...', 'American Blonde Ale', '15.0', '0.05', 225),
(683, 'El Hefe Speaks', 'No description...', 'Hefeweizen', '11.0', '0.053', 225),
(684, 'Penn Quarter Porter', 'No description...', 'American Porter', NULL, '0.055', 225),
(685, 'On the Wings of Armageddon', 'No description...', 'American Double / Imperial IPA', '115.0', '0.092', 225),
(686, 'The Corruption', 'No description...', 'American IPA', '80.0', '0.065', 225),
(687, 'The Citizen', 'No description...', 'Belgian Pale Ale', NULL, '0.07', 225),
(688, 'The Public', 'No description...', 'American Pale Ale (APA)', NULL, '0.06', 225),
(689, 'Dank IPA', 'No description...', 'American IPA', NULL, '0.065', 448),
(690, 'Dank IPA (2012)', 'No description...', 'American IPA', NULL, '0.065', 448),
(691, 'Lift Off IPA', 'No description...', 'American IPA', NULL, '0.07200000000000001', 355),
(692, 'BrewFarm Select Golden Lager', 'No description...', 'American Pale Lager', NULL, '0.055', 551),
(693, 'Sprocket Blonde Ale (2006)', 'No description...', 'American Blonde Ale', NULL, '0.05', 330),
(694, 'Sprocket Pale Ale (2006)', 'No description...', 'American Pale Ale (APA)', NULL, '0.05', 330),
(695, 'Dead Armadillo Amber Ale', 'No description...', 'American Amber / Red Ale', '37.0', '0.063', 327),
(696, 'Neato Bandito', 'No description...', 'Euro Pale Lager', NULL, '0.06', 125),
(697, 'Oak Cliff Coffee Ale', 'No description...', 'American Brown Ale', '33.0', '0.075', 125),
(698, 'Dream Crusher Double IPA', 'No description...', 'American Double / Imperial IPA', '100.0', '0.085', 125),
(699, 'Deep Ellum Pale Ale', 'No description...', 'American Pale Ale (APA)', NULL, '0.06', 125),
(700, 'Double Brown Stout', 'No description...', 'Baltic Porter', NULL, '0.07', 125),
(701, 'Farmhouse Wit', 'No description...', 'Saison / Farmhouse Ale', '25.0', '0.048', 125),
(702, 'Rye Pils Session Lager', 'No description...', 'German Pilsener', NULL, '0.046', 125),
(703, 'Dallas Blonde', 'No description...', 'American Blonde Ale', '23.0', '0.052000000000000005', 125),
(704, 'Deep Ellum IPA', 'No description...', 'American IPA', '70.0', '0.07', 125),
(705, 'Thrasher Session India Pale Ale', 'No description...', 'American IPA', '44.0', '0.045', 280),
(706, 'Gutch English Style Mild Ale', 'No description...', 'English Pale Mild Ale', '16.0', '0.05', 280),
(707, 'Chuli Stout', 'No description...', 'Irish Dry Stout', '55.0', '0.059000000000000004', 450),
(708, 'Mother Ale', 'No description...', 'American Blonde Ale', '46.0', '0.055999999999999994', 450),
(709, 'Twister Creek India Pale Ale', 'No description...', 'American IPA', '71.0', '0.065', 450),
(710, 'Single Engine Red', 'No description...', 'Irish Red Ale', '46.0', '0.057999999999999996', 450),
(711, 'Incredible Pedal IPA', 'No description...', 'American IPA', NULL, '0.07', 260),
(712, 'Graham Cracker Porter', 'No description...', 'American Porter', NULL, '0.05', 260),
(713, 'Mirror Pond Pale Ale', 'No description...', 'American Pale Ale (APA)', '40.0', '0.05', 451),
(714, 'Weissenheimer', 'No description...', 'Hefeweizen', '16.0', '0.052000000000000005', 58),
(715, 'Abbey\'s Single (2015- )', 'No description...', 'Abbey Single Ale', '22.0', '0.049', 58),
(716, 'Vertex IPA', 'No description...', 'American IPA', '76.0', '0.063', 58),
(717, 'Here Gose Nothin\'', 'No description...', 'Gose', '12.0', '0.05', 58),
(718, 'Strawberry Blonde', 'No description...', 'Fruit / Vegetable Beer', NULL, '0.05', 58),
(719, 'Hoperation Overload', 'No description...', 'American Double / Imperial IPA', '85.0', '0.096', 58),
(720, 'Abbey\'s Single Ale (Current)', 'No description...', 'Abbey Single Ale', '22.0', '0.049', 58),
(721, 'Bravo Four Point', 'No description...', 'American Pale Ale (APA)', '45.0', '0.044000000000000004', 235),
(722, 'Striped Bass Pale Ale', 'No description...', 'American Pale Ale (APA)', '26.0', '0.052000000000000005', 235),
(723, 'Deadicated Amber', 'No description...', 'American Amber / Red Ale', '27.0', '0.054000000000000006', 488),
(724, 'Kaleidoscope Collaboration 2012', 'No description...', 'American Black Ale', NULL, NULL, 488),
(725, 'California Sunshine Rye IPA', 'No description...', 'American IPA', '85.0', '0.071', 488),
(726, 'Full Boar Scotch Ale', 'No description...', 'Scotch Ale / Wee Heavy', '12.0', '0.07400000000000001', 488),
(727, '12 Man Pale Ale', 'No description...', 'American Pale Ale (APA)', NULL, '0.045', 316),
(728, 'Filthy Hoppin\' IPA', 'No description...', 'American IPA', '72.0', '0.065', 308),
(729, 'Dock Street Amber Beer (1992)', 'No description...', 'American Amber / Red Ale', NULL, NULL, 485),
(730, 'Dolores River Hefeweizen', 'No description...', 'Hefeweizen', NULL, NULL, 528),
(731, 'Dolores River ESB', 'No description...', 'Extra Special / Strong Bitter (ESB)', NULL, NULL, 528),
(732, 'Snaggletooth Double Pale Ale', 'No description...', 'American Double / Imperial IPA', NULL, NULL, 528),
(733, 'Dolores River Pale Ale', 'No description...', 'American Pale Ale (APA)', NULL, NULL, 528),
(734, 'Dolores River Dry Stout', 'No description...', 'Irish Dry Stout', NULL, NULL, 528),
(735, 'Dolores River Mild', 'No description...', 'English Dark Mild Ale', NULL, NULL, 528),
(736, 'Cranberry Blend', 'No description...', 'Cider', NULL, '0.049', 443),
(737, 'Orignal Blend', 'No description...', 'Cider', NULL, '0.051', 443),
(738, 'Hop Abomination', 'No description...', 'American IPA', '100.0', '0.066', 493),
(739, 'Apricot Blonde', 'No description...', 'Fruit / Vegetable Beer', '17.0', '0.051', 493),
(740, 'Dry Dock Hefeweizen', 'No description...', 'Hefeweizen', '12.0', '0.043', 493),
(741, 'Dry Dock Amber Ale', 'No description...', 'American Amber / Red Ale', '49.0', '0.057999999999999996', 493),
(742, 'Category 3 IPA', 'No description...', 'American IPA', '64.0', '0.061', 337),
(743, 'Dundee Summer Wheat Beer', 'No description...', 'American Pale Wheat Ale', '18.0', '0.045', 535),
(744, 'Pumpkin Patch Ale', 'No description...', 'Pumpkin Ale', NULL, '0.05', 366),
(745, 'Crank Yanker IPA', 'No description...', 'American IPA', '74.0', '0.078', 366),
(746, 'River Runners Pale Ale', 'No description...', 'American Pale Ale (APA)', NULL, '0.06', 366),
(747, 'Pumpkin Patch Ale (2012)', 'No description...', 'Pumpkin Ale', NULL, '0.05', 366),
(748, 'Mountain Fairy Raspberry Wheat', 'No description...', 'Fruit / Vegetable Beer', NULL, '0.055', 366),
(749, 'Boater Beer', 'No description...', 'German Pilsener', NULL, '0.045', 366),
(750, 'Crank Yanker IPA (2011)', 'No description...', 'American IPA', '74.0', '0.078', 366),
(751, 'Bleeding Buckeye Red Ale', 'No description...', 'Extra Special / Strong Bitter (ESB)', NULL, '0.057', 349),
(752, 'Dottie Seattle Lager', 'No description...', 'American Amber / Red Lager', '25.0', '0.049', 513),
(753, 'Nut Sack Imperial Brown Ale', 'No description...', 'American Brown Ale', NULL, '0.07', 462),
(754, 'Underachiever', 'No description...', 'American Adjunct Lager', NULL, '0.05', 470),
(755, 'Lil\' Brainless Raspberries', 'No description...', 'Fruit / Vegetable Beer', NULL, '0.052000000000000005', 80),
(756, 'Element 29', 'No description...', 'American Pale Ale (APA)', NULL, '0.052000000000000005', 80),
(757, 'Hop Syndrome', 'No description...', 'American Pale Lager', NULL, '0.05', 80),
(758, 'Escape to Colorado', 'No description...', 'American IPA', NULL, '0.062', 80),
(759, 'Little Sister India Style Session Ale', 'No description...', 'American IPA', '60.0', '0.043', 168),
(760, 'Country Boy IPA', 'No description...', 'American IPA', '80.0', '0.062', 168),
(761, 'Blonde Czich', 'No description...', 'American Blonde Ale', '23.0', '0.049', 27),
(762, 'White Reaper', 'No description...', 'Belgian IPA', '61.0', '0.07', 27),
(763, 'Bobblehead', 'No description...', 'American Pale Wheat Ale', NULL, '0.051', 27),
(764, 'Lucky Dog', 'No description...', 'American Pale Ale (APA)', NULL, '0.052000000000000005', 27),
(765, 'Voodoo', 'No description...', 'American Porter', NULL, '0.048', 27),
(766, 'General George Patton Pilsner', 'No description...', 'Czech Pilsener', '48.0', '0.054000000000000006', 27),
(767, 'Nomader Weiss', 'No description...', 'Berliner Weissbier', NULL, '0.04', 171),
(768, 'Molotov Lite', 'No description...', 'American Double / Imperial IPA', NULL, '0.085', 171),
(769, 'Hipster Ale (Two Roads Brewing)', 'No description...', 'American Pale Ale (APA)', NULL, '0.055', 171),
(770, 'Bikini Beer', 'No description...', 'American IPA', NULL, '0.027000000000000003', 171),
(771, 'Hipster Ale (Westbrook Brewing)', 'No description...', 'American Pale Ale (APA)', NULL, '0.055', 171),
(772, 'Iron Horse Pale Ale', 'No description...', 'American Pale Ale (APA)', '32.0', '0.05', 332),
(773, 'Stone\'s Throw IPA', 'No description...', 'Scottish Ale', '19.0', '0.045', 332),
(774, 'Wood Chipper India Pale Ale', 'No description...', 'American IPA', '70.0', '0.067', 332),
(775, 'Trail Head', 'No description...', 'American Pale Ale (APA)', '55.0', '0.063', 222),
(776, 'Hop Stalker Fresh Hop IPA', 'No description...', 'American IPA', '80.0', '0.07', 222),
(777, 'Sudice American Stout', 'No description...', 'American Stout', '58.0', '0.07', 402),
(778, 'Parcae Belgian Style Pale Ale', 'No description...', 'Belgian Pale Ale', '20.0', '0.05', 402),
(779, 'Norns Roggenbier', 'No description...', 'Roggenbier', '20.0', '0.05', 402),
(780, 'Laimas Kölsch Style Ale', 'No description...', 'Kölsch', '20.0', '0.05', 402),
(781, 'Moirai India Pale Ale', 'No description...', 'American IPA', '70.0', '0.07', 402),
(782, 'Loki Red Ale', 'No description...', 'American Amber / Red Ale', '53.0', '0.075', 199),
(783, 'Peaches & Cream', 'No description...', 'Fruit / Vegetable Beer', NULL, '0.046', 199),
(784, 'Quaff India Style Session Ale', 'No description...', 'American IPA', NULL, '0.051', 199),
(785, 'Loki Red Ale (2013)', 'No description...', 'American Amber / Red Ale', '53.0', '0.075', 199),
(786, 'Mjolnir Imperial IPA', 'No description...', 'American Double / Imperial IPA', NULL, '0.069', 199),
(787, 'Fearless Scottish Ale', 'No description...', 'Scottish Ale', NULL, '0.05', 199),
(788, 'Mastermind', 'No description...', 'American Double / Imperial IPA', NULL, '0.081', 170),
(789, 'Hyzer Flip', 'No description...', 'American Double / Imperial IPA', NULL, '0.08199999999999999', 170),
(790, 'Second Fiddle', 'No description...', 'American Double / Imperial IPA', '80.0', '0.08199999999999999', 170),
(791, 'Hodad Porter', 'No description...', 'American Porter', '30.0', '0.055', 170),
(792, 'Weiss Weiss Baby', 'No description...', 'Kristalweizen', NULL, '0.045', 37),
(793, 'Czech Yo Self', 'No description...', 'Czech Pilsener', '45.0', '0.055', 37),
(794, 'FMB 101', 'No description...', 'Kölsch', '20.0', '0.048', 37),
(795, 'Hardcore Chimera', 'No description...', 'American Double / Imperial IPA', NULL, '0.09', 254),
(796, 'Sobek & Set', 'No description...', 'American Black Ale', '80.0', '0.08', 254),
(797, 'Nuclear Winter', 'No description...', 'Belgian Strong Dark Ale', NULL, '0.086', 254),
(798, 'Wet Hot American Wheat Ale', 'No description...', 'American Pale Wheat Ale', '22.0', '0.05', 254),
(799, 'Secret Stache Stout', 'No description...', 'American Stout', NULL, '0.053', 254),
(800, 'Fascist Pig Ale', 'No description...', 'American Amber / Red Ale', '72.0', '0.08', 254),
(801, 'Cut Throat Pale Ale', 'No description...', 'American Pale Ale (APA)', NULL, '0.055', 254),
(802, 'Threadless IPA', 'No description...', 'American IPA', NULL, '0.075', 254),
(803, 'Cut Throat Pale Ale (2011)', 'No description...', 'American Pale Ale (APA)', NULL, '0.055', 254),
(804, 'Golden Wing Blonde Ale', 'No description...', 'American Blonde Ale', NULL, '0.047', 254),
(805, 'Easy Jack', 'No description...', 'American IPA', '47.0', '0.045', 49),
(806, 'Union Jack', 'No description...', 'American IPA', '75.0', '0.075', 49),
(807, 'Pivo Pils', 'No description...', 'German Pilsener', NULL, '0.053', 49),
(808, '805 Blonde Ale', 'No description...', 'American Blonde Ale', NULL, '0.047', 49),
(809, '805', 'No description...', 'American Blonde Ale', '20.0', '0.047', 49),
(810, 'Deflator', 'No description...', 'Doppelbock', NULL, '0.065', 17),
(811, 'Hinchtown Hammer Down', 'No description...', 'American Blonde Ale', '27.0', '0.05', 17),
(812, 'Half Cycle IPA', 'No description...', 'American IPA', '104.0', '0.06', 17),
(813, 'Inclined Plane Ale', 'No description...', 'American IPA', NULL, NULL, 529),
(814, 'Moped Traveler', 'No description...', 'American Pale Ale (APA)', NULL, '0.055', 55),
(815, 'Snake Dog IPA', 'No description...', 'American IPA', '60.0', '0.071', 518),
(816, 'Underdog Atlantic Lager', 'No description...', 'American Pale Lager', '28.0', '0.047', 518),
(817, 'Flying Mouse 8', 'No description...', 'American Porter', NULL, '0.04', 51),
(818, 'Flying Mouse 4', 'No description...', 'American IPA', '70.0', '0.07', 51),
(819, 'La Ferme Urbaine Farmhouse Ale', 'No description...', 'Saison / Farmhouse Ale', NULL, '0.078', 276),
(820, 'Backyahd IPA', 'No description...', 'American IPA', NULL, '0.06', 276),
(821, 'Raincloud Robust Porter', 'No description...', 'American Porter', NULL, '0.065', 276),
(822, 'Barstool American Golden Ale', 'No description...', 'American Blonde Ale', NULL, '0.045', 276),
(823, 'What the Butler Saw', 'No description...', 'Witbier', '18.0', '0.05', 215),
(824, '1916 Shore Shiver', 'No description...', 'American IPA', '65.0', '0.069', 215),
(825, 'Quick WIT', 'No description...', 'Belgian Pale Ale', NULL, '0.052000000000000005', 204),
(826, 'The Optimist', 'No description...', 'American IPA', NULL, '0.062', 204),
(827, 'Suicide Squeeze IPA', 'No description...', 'American IPA', NULL, '0.045', 204),
(828, 'Java the Hop', 'No description...', 'American IPA', NULL, '0.065', 204),
(829, 'Next Adventure Black IPA', 'No description...', 'American Black Ale', NULL, '0.062', 204),
(830, '3-Way IPA (2013)', 'No description...', 'American IPA', NULL, '0.067', 204),
(831, 'Spotted Cow', 'Spotted Cow. The company&#39;s best-selling brand is Spotted Cow. First brewed in 1997, Spotted Cow is a cask-conditioned farmhouse ale. New Glarus brews about 45,000 barrels of the beer a year, which accounts for about 40% of all the beer New Glarus makes a year.', 'American Cream Ale', '18.0', '.048', 555),
(832, 'Two Women Lager', 'Four thousand years before Christ, Sumerian women created the divine drink of beer. Viking women brewed in Norse Society. European Ale Wives were so successful as cottage brewers they were taxed. Artisanal women lost their domination of the daily ritual of brewing during the Industrial Revolution. Today’s brewing trade is controlled by men. The collaboration of two Craft companies both led by women, New Glarus Brewing Company and Weyermann Malting, is unique. You hod the result &#34;Two Women&#34; a classic country lager brewed with Weyermann’s floor malted Bohemian malt and Hallertau Mittelfrueh hops. A tempting and graceful classic lager found... Only in Wisconsin.', 'German Helles', 'n.a.', '.005', 555),
(833, 'Corona', 'Good', 'TEst', '8', '8', 150),
(834, 'Budweiser', 'Budweiser is an American-style pale lager produced by Anheuser-Busch, currently part of the transnational corporation Anheuser-Busch InBev.', 'American style pale lager', 'n/a', '5', 556);

-- --------------------------------------------------------

--
-- Table structure for table `BREWER`
--

CREATE TABLE `BREWER` (
  `BREWER_ID` int(11) NOT NULL,
  `BREWER_NAME` varchar(50) NOT NULL,
  `BREWER_CITY` varchar(35) DEFAULT NULL,
  `BREWER_STATE` varchar(2) DEFAULT NULL
) ENGINE=InnoDB DEFAULT CHARSET=latin1;

--
-- Dumping data for table `BREWER`
--

INSERT INTO `BREWER` (`BREWER_ID`, `BREWER_NAME`, `BREWER_CITY`, `BREWER_STATE`) VALUES
(1, 'NorthGate Brewing', 'Minneapolis', 'MN'),
(2, 'Against the Grain Brewery', 'Louisville', 'KY'),
(3, 'Jack\'s Abby Craft Lagers', 'Framingham', 'MA'),
(4, 'Mike Hess Brewing Company', 'San Diego', 'CA'),
(5, 'Fort Point Beer Company', 'San Francisco', 'CA'),
(6, 'COAST Brewing Company', 'Charleston', 'SC'),
(7, 'Great Divide Brewing Company', 'Denver', 'CO'),
(8, 'Tapistry Brewing', 'Bridgman', 'MI'),
(9, 'Big Lake Brewing', 'Holland', 'MI'),
(10, 'The Mitten Brewing Company', 'Grand Rapids', 'MI'),
(11, 'Brewery Vivant', 'Grand Rapids', 'MI'),
(12, 'Petoskey Brewing', 'Petoskey', 'MI'),
(13, 'Blackrocks Brewery', 'Marquette', 'MI'),
(14, 'Perrin Brewing Company', 'Comstock Park', 'MI'),
(15, 'Witch\'s Hat Brewing Company', 'South Lyon', 'MI'),
(16, 'Founders Brewing Company', 'Grand Rapids', 'MI'),
(17, 'Flat 12 Bierwerks', 'Indianapolis', 'IN'),
(18, 'Tin Man Brewing Company', 'Evansville', 'IN'),
(19, 'Black Acre Brewing Co.', 'Indianapolis', 'IN'),
(20, 'Brew Link Brewing', 'Plainfield', 'IN'),
(21, 'Bare Hands Brewery', 'Granger', 'IN'),
(22, 'Three Pints Brewing', 'Martinsville', 'IN'),
(23, 'Four Fathers Brewing', 'Valparaiso', 'IN'),
(24, 'Indiana City Brewing', 'Indianapolis', 'IN'),
(25, 'Burn \'Em Brewing', 'Michigan City', 'IN'),
(26, 'Sun King Brewing Company', 'Indianapolis', 'IN'),
(27, 'Evil Czech Brewery', 'Mishawaka', 'IN'),
(28, '450 North Brewing Company', 'Columbus', 'IN'),
(29, 'Taxman Brewing Company', 'Bargersville', 'IN'),
(30, 'Cedar Creek Brewery', 'Seven Points', 'TX'),
(31, 'SanTan Brewing Company', 'Chandler', 'AZ'),
(32, 'Boulevard Brewing Company', 'Kansas City', 'MO'),
(33, 'James Page Brewing Company', 'Stevens Point', 'WI'),
(34, 'The Dudes\' Brewing Company', 'Torrance', 'CA'),
(35, 'Ballast Point Brewing Company', 'San Diego', 'CA'),
(36, 'Anchor Brewing Company', 'San Francisco', 'CA'),
(37, 'Figueroa Mountain Brewing Company', 'Buellton', 'CA'),
(38, 'Avery Brewing Company', 'Boulder', 'CO'),
(39, 'Twisted X Brewing Company', 'Dripping Springs', 'TX'),
(40, 'Gonzo\'s BiggDogg Brewing', 'Kalamazoo', 'MI'),
(41, 'Big Muddy Brewing', 'Murphysboro', 'IL'),
(42, 'Lost Nation Brewing', 'East Fairfield', 'VT'),
(43, 'Rising Tide Brewing Company', 'Portland', 'ME'),
(44, 'Rivertowne Brewing Company', 'Export', 'PA'),
(45, 'Revolution Brewing Company', 'Chicago', 'IL'),
(46, 'Tallgrass Brewing Company', 'Manhattan', 'KS'),
(47, 'Sixpoint Craft Ales', 'Brooklyn', 'NY'),
(48, 'White Birch Brewing', 'Hooksett', 'NH'),
(49, 'Firestone Walker Brewing Company', 'Paso Robles', 'CA'),
(50, 'SweetWater Brewing Company', 'Atlanta', 'GA'),
(51, 'Flying Mouse Brewery', 'Troutville', 'VA'),
(52, 'Upslope Brewing Company', 'Boulder', 'CO'),
(53, 'Pipeworks Brewing Company', 'Chicago', 'IL'),
(54, 'Bent Brewstillery', 'Roseville', 'MN'),
(55, 'Flesk Brewing Company', 'Lombard', 'IL'),
(56, 'Pollyanna Brewing Company', 'Lemont', 'IL'),
(57, 'BuckleDown Brewing', 'Lyons', 'IL'),
(58, 'Destihl Brewery', 'Bloomington', 'IL'),
(59, 'Latitude 42 Brewing Company', 'Portage', 'MI'),
(60, '4 Hands Brewing Company', 'Saint Louis', 'MO'),
(61, 'Surly Brewing Company', 'Brooklyn Center', 'MN'),
(62, 'Crazy Mountain Brewing Company', 'Edwards', 'CO'),
(63, 'SlapShot Brewing Company', 'Chicago', 'IL'),
(64, 'Mikerphone Brewing', 'Chicago', 'IL'),
(65, 'Freetail Brewing Company', 'San Antonio', 'TX'),
(66, '3 Daughters Brewing', 'St Petersburg', 'FL'),
(67, 'Red Shedman Farm Brewery and Hop...', 'Mt. Airy', 'MD'),
(68, 'Appalachian Mountain Brewery', 'Boone', 'NC'),
(69, 'Birdsong Brewing Company', 'Charlotte', 'NC'),
(70, 'Union Craft Brewing', 'Baltimore', 'MD'),
(71, 'Atwater Brewery', 'Detroit', 'MI'),
(72, 'Ale Asylum', 'Madison', 'WI'),
(73, 'Two Brothers Brewing Company', 'Warrenville', 'IL'),
(74, 'Bent Paddle Brewing Company', 'Duluth', 'MN'),
(75, 'Bell\'s Brewery', 'Kalamazoo', 'MI'),
(76, 'Blue Owl Brewing', 'Austin', 'TX'),
(77, 'Speakasy Ales & Lagers', 'San Francisco', 'CA'),
(78, 'Black Tooth Brewing Company', 'Sheridan', 'WY'),
(79, 'Hopworks Urban Brewery', 'Portland', 'OR'),
(80, 'Epic Brewing', 'Denver', 'CO'),
(81, 'New Belgium Brewing Company', 'Fort Collins', 'CO'),
(82, 'Sierra Nevada Brewing Company', 'Chico', 'CA'),
(83, 'Keweenaw Brewing Company', 'Houghton', 'MI'),
(84, 'Brewery Terra Firma', 'Traverse City', 'MI'),
(85, 'Grey Sail Brewing Company', 'Westerly', 'RI'),
(86, 'Kirkwood Station Brewing Company', 'Kirkwood', 'MO'),
(87, 'Goose Island Brewing Company', 'Chicago', 'IL'),
(88, 'Broad Brook Brewing LLC', 'East Windsor', 'CT'),
(89, 'The Lion Brewery', 'Wilkes-Barre', 'PA'),
(90, 'Madtree Brewing Company', 'Cincinnati', 'OH'),
(91, 'Jackie O\'s Pub & Brewery', 'Athens', 'OH'),
(92, 'Rhinegeist Brewery', 'Cincinnati', 'OH'),
(93, 'Warped Wing Brewing Company', 'Dayton', 'OH'),
(94, 'Catawba Valley Brewing Company', 'Morganton', 'NC'),
(95, 'Tröegs Brewing Company', 'Hershey', 'PA'),
(96, 'Mission Brewery', 'San Diego', 'CA'),
(97, 'Christian Moerlein Brewing Company', 'Cincinnati', 'OH'),
(98, 'West Sixth Brewing', 'Lexington', 'KY'),
(99, 'Coastal Extreme Brewing Company', 'Newport', 'RI'),
(100, 'King Street Brewing Company', 'Anchorage', 'AK'),
(101, 'Beer Works Brewery', 'Lowell', 'MA'),
(102, 'Lone Tree Brewing Company', 'Lone Tree', 'CO'),
(103, 'Four String Brewing Company', 'Columbus', 'OH'),
(104, 'Glabrous Brewing Company', 'Pineland', 'ME'),
(105, 'Bonfire Brewing Company', 'Eagle', 'CO'),
(106, 'Thomas Hooker Brewing Company', 'Bloomfield', 'CT'),
(107, 'Woodstock Inn, Station & Brewery', 'North Woodstock', 'NH'),
(108, 'Renegade Brewing Company', 'Denver', 'CO'),
(109, 'Mother Earth Brew Company', 'Vista', 'CA'),
(110, 'Black Market Brewing Company', 'Temecula', 'CA'),
(111, 'Vault Brewing Company', 'Yardley', 'PA'),
(112, 'Jailbreak Brewing Company', 'Laurel', 'MD'),
(113, 'Smartmouth Brewing Company', 'Norfolk', 'VA'),
(114, 'Base Camp Brewing Co.', 'Portland', 'OR'),
(115, 'Alameda Brewing', 'Portland', 'OR'),
(116, 'Southern Star Brewing Company', 'Conroe', 'TX'),
(117, 'Steamworks Brewing Company', 'Durango', 'CO'),
(118, 'Horny Goat Brew Pub', 'Milwaukee', 'WI'),
(119, 'Cheboygan Brewing Company', 'Cheboygan', 'MI'),
(120, 'Center of the Universe Brewing C...', 'Ashland', 'VA'),
(121, 'Ipswich Ale Brewery', 'Ipswich', 'MA'),
(122, 'Griffin Claw Brewing Company', 'Birmingham', 'MI'),
(123, 'Karbach Brewing Company', 'Houston', 'TX'),
(124, 'Uncle Billy\'s Brewery and Smokeh...', 'Austin', 'TX'),
(125, 'Deep Ellum Brewing Company', 'Dallas', 'TX'),
(126, 'Real Ale Brewing Company', 'Blanco', 'TX'),
(127, 'Straub Brewery', 'St Mary\'s', 'PA'),
(128, 'Shebeen Brewing Company', 'Wolcott', 'CT'),
(129, 'Stevens Point Brewery', 'Stevens Point', 'WI'),
(130, 'Weston Brewing Company', 'Weston', 'MO'),
(131, 'Southern Prohibition Brewing Com...', 'Hattiesburg', 'MS'),
(132, 'Minhas Craft Brewery', 'Monroe', 'WI'),
(133, 'Pug Ryan\'s Brewery', 'Dillon', 'CO'),
(134, 'Hops & Grains Brewing Company', 'Austin', 'TX'),
(135, 'Sietsema Orchards and Cider Mill', 'Ada', 'MI'),
(136, 'Summit Brewing Company', 'St Paul', 'MN'),
(137, 'Core Brewing & Distilling Company', 'Springdale', 'AR'),
(138, 'Independence Brewing Company', 'Austin', 'TX'),
(139, 'Cigar City Brewing Company', 'Tampa', 'FL'),
(140, 'Third Street Brewhouse', 'Cold Spring', 'MN'),
(141, 'Narragansett Brewing Company', 'Providence', 'RI'),
(142, 'Grimm Brothers Brewhouse', 'Loveland', 'CO'),
(143, 'Cisco Brewers', 'Nantucket', 'MA'),
(144, 'Angry Minnow', 'Hayward', 'WI'),
(145, 'Platform Beer Company', 'Cleveland', 'OH'),
(146, 'Odyssey Beerwerks', 'Arvada', 'CO'),
(147, 'Lonerider Brewing Company', 'Raleigh', 'NC'),
(148, 'Oakshire Brewing', 'Eugene', 'OR'),
(149, 'Fort Pitt Brewing Company', 'Latrobe', 'PA'),
(150, 'Tin Roof Brewing Company', 'Baton Rouge', 'LA'),
(151, 'Three Creeks Brewing', 'Sisters', 'OR'),
(152, '2 Towns Ciderhouse', 'Corvallis', 'OR'),
(153, 'Caldera Brewing Company', 'Ashland', 'OR'),
(154, 'Greenbrier Valley Brewing Company', 'Lewisburg', 'WV'),
(155, 'Phoenix Ale Brewery', 'Phoenix', 'AZ'),
(156, 'Lumberyard Brewing Company', 'Flagstaff', 'AZ'),
(157, 'Uinta Brewing Company', 'Salt Lake City', 'UT'),
(158, 'Four Peaks Brewing Company', 'Tempe', 'AZ'),
(159, 'Martin House Brewing Company', 'Fort Worth', 'TX'),
(160, 'Right Brain Brewery', 'Traverse City', 'MI'),
(161, 'Sly Fox Brewing Company (2)', 'Phoenixville', 'PA'),
(162, 'Round Guys Brewing', 'Lansdale', 'PA'),
(163, 'Great Crescent Brewery', 'Aurora', 'IN'),
(164, 'Oskar Blues Brewery - Longmont', 'Longmont', 'CO'),
(165, 'Boxcar Brewing Company', 'West Chester', 'PA'),
(166, 'High Hops Brewery', 'Windsor', 'CO'),
(167, 'Crooked Fence Brewing Company', 'Garden City', 'ID'),
(168, 'Everybody\'s Brewing', 'White Salmon', 'WA'),
(169, 'Anderson Valley Brewing Company', 'Boonville', 'CA'),
(170, 'Fiddlehead Brewing Company', 'Shelburne', 'VT'),
(171, 'Evil Twin Brewing', 'Brooklyn', 'NY'),
(172, 'New Orleans Lager & Ale Brewing ...', 'New Orleans', 'LA'),
(173, 'Spiteful Brewing Company', 'Chicago', 'IL'),
(174, 'Rahr & Sons Brewing Company', 'Fort Worth', 'TX'),
(175, '18th Street Brewery', 'Gary', 'IN'),
(176, 'Cambridge Brewing Company', 'Cambridge', 'MA'),
(177, 'Carolina Brewery', 'Pittsboro', 'NC'),
(178, 'Frog Level Brewing Company', 'Waynesville', 'NC'),
(179, 'Wild Wolf Brewing Company', 'Nellysford', 'VA'),
(180, 'COOP Ale Works', 'Oklahoma City', 'OK'),
(181, 'Seventh Son Brewing Company', 'Columbus', 'OH'),
(182, 'Oasis Texas Brewing Company', 'Austin', 'TX'),
(183, 'Vander Mill Ciders', 'Spring Lake', 'MI'),
(184, 'St. Julian Winery', 'Paw Paw', 'MI'),
(185, 'Pedernales Brewing Company', 'Fredericksburg', 'TX'),
(186, 'Mother\'s Brewing', 'Springfield', 'MO'),
(187, 'Modern Monks Brewery', 'Lincoln', 'NE'),
(188, 'Two Beers Brewing Company', 'Seattle', 'WA'),
(189, 'Snake River Brewing Company', 'Jackson', 'WY'),
(190, 'Capital Brewery', 'Middleton', 'WI'),
(191, 'Anthem Brewing Company', 'Oklahoma City', 'OK'),
(192, 'Goodlife Brewing Co.', 'Bend', 'OR'),
(193, 'Breakside Brewery', 'Portland', 'OR'),
(194, 'Goose Island Brewery Company', 'Chicago', 'IL'),
(195, 'Burnside Brewing Co.', 'Portland', 'OR'),
(196, 'Hop Valley Brewing Company', 'Springfield', 'OR'),
(197, 'Worthy Brewing Company', 'Bend', 'OR'),
(198, 'Occidental Brewing Company', 'Portland', 'OR'),
(199, 'Fearless Brewing Company', 'Estacada', 'OR'),
(200, 'Upland Brewing Company', 'Bloomington', 'IN'),
(201, 'Mehana Brewing Co.', 'Hilo', 'HI'),
(202, 'Hawai\'i Nui Brewing Co.', 'Hilo', 'HI'),
(203, 'People\'s Brewing Company', 'Lafayette', 'IN'),
(204, 'Fort George Brewery', 'Astoria', 'OR'),
(205, 'Branchline Brewing Company', 'San Antonio', 'TX'),
(206, 'Kalona Brewing Company', 'Kalona', 'IA'),
(207, 'Modern Times Beer', 'San Diego', 'CA'),
(208, 'Temperance Beer Company', 'Evanston', 'IL'),
(209, 'Wisconsin Brewing Company', 'Verona', 'WI'),
(210, 'Crow Peak Brewing Company', 'Spearfish', 'SD'),
(211, 'Grapevine Craft Brewery', 'Farmers Branch', 'TX'),
(212, 'Buffalo Bayou Brewing Company', 'Houston', 'TX'),
(213, 'Texian Brewing Co.', 'Richmond', 'TX'),
(214, 'Orpheus Brewing', 'Atlanta', 'GA'),
(215, 'Forgotten Boardwalk', 'Cherry Hill', 'NJ'),
(216, 'Laughing Dog Brewing Company', 'Ponderay', 'ID'),
(217, 'Bozeman Brewing Company', 'Bozeman', 'MT'),
(218, 'Big Choice Brewing', 'Broomfield', 'CO'),
(219, 'Big Storm Brewing Company', 'Odessa', 'FL'),
(220, 'Carton Brewing Company', 'Atlantic Highlands', 'NJ'),
(221, 'Midnight Sun Brewing Company', 'Anchorage', 'AK'),
(222, 'Fat Head\'s Brewery', 'Middleburg Heights', 'OH'),
(223, 'Refuge Brewery', 'Temecula', 'CA'),
(224, 'Chatham Brewing', 'Chatham', 'NY'),
(225, 'DC Brau Brewing Company', 'Washington', 'DC'),
(226, 'Geneva Lake Brewing Company', 'Lake Geneva', 'WI'),
(227, 'Rochester Mills Brewing Company', 'Rochester', 'MI'),
(228, 'Cape Ann Brewing Company', 'Gloucester', 'MA'),
(229, 'Borderlands Brewing Company', 'Tucson', 'AZ'),
(230, 'College Street Brewhouse and Pub', 'Lake Havasu City', 'AZ'),
(231, 'Joseph James Brewing Company', 'Henderson', 'NV'),
(232, 'Harpoon Brewery', 'Boston', 'MA'),
(233, 'Back East Brewing Company', 'Bloomfield', 'CT'),
(234, 'Champion Brewing Company', 'Charlottesville', 'VA'),
(235, 'Devil\'s Backbone Brewing Company', 'Lexington', 'VA'),
(236, 'Newburgh Brewing Company', 'Newburgh', 'NY'),
(237, 'Wiseacre Brewing Company', 'Memphis', 'TN'),
(238, 'Golden Road Brewing', 'Los Angeles', 'CA'),
(239, 'New Republic Brewing Company', 'College Station', 'TX'),
(240, 'Infamous Brewing Company', 'Austin', 'TX'),
(241, 'Two Henrys Brewing Company', 'Plant City', 'FL'),
(242, 'Lift Bridge Brewing Company', 'Stillwater', 'MN'),
(243, 'Lucky Town Brewing Company', 'Jackson', 'MS'),
(244, 'Quest Brewing Company', 'Greenville', 'SC'),
(245, 'Creature Comforts', 'Athens', 'GA'),
(246, 'Half Full Brewery', 'Stamford', 'CT'),
(247, 'Southampton Publick House', 'Southampton', 'NY'),
(248, 'Chapman\'s Brewing', 'Angola', 'IN'),
(249, 'Barrio Brewing Company', 'Tucson', 'AZ'),
(250, 'Santa Cruz Mountain Brewing', 'Santa Cruz', 'CA'),
(251, 'Frankenmuth Brewery', 'Frankenmuth', 'MI'),
(252, 'Meckley\'s Cidery', 'Somerset Center', 'MI'),
(253, 'Stillwater Artisanal Ales', 'Baltimore', 'MD'),
(254, 'Finch\'s Beer Company', 'Chicago', 'IL'),
(255, 'South Austin Brewery', 'South Austin', 'TX'),
(256, 'Bauhaus Brew Labs', 'Minneapolis', 'MN'),
(257, 'Ozark Beer Company', 'Rogers', 'AR'),
(258, 'Mountain Town Brewing Company', 'Mount Pleasant', 'MI'),
(259, 'The Brewer\'s Art', 'Baltimore', 'MD'),
(260, 'Denver Beer Company', 'Denver', 'CO'),
(261, 'Ska Brewing Company', 'Durango', 'CO'),
(262, 'Tractor Brewing Company', 'Albuquerque', 'NM'),
(263, 'Peak Organic Brewing Company', 'Portland', 'ME'),
(264, 'Cape Cod Beer', 'Hyannis', 'MA'),
(265, 'Long Trail Brewing Company', 'Bridgewater Corners', 'VT'),
(266, 'Great Raft Brewing Company', 'Shreveport', 'LA'),
(267, 'Alaskan Brewing Company', 'Juneau', 'AK'),
(268, 'Notch Brewing Company', 'Ipswich', 'MA'),
(269, 'The Alchemist', 'Waterbury', 'VT'),
(270, 'Three Notch\'d Brewing Company', 'Charlottesville', 'VA'),
(271, 'Portside Brewery', 'Cleveland', 'OH'),
(272, 'Otter Creek Brewing', 'Middlebury', 'VT'),
(273, 'Montauk Brewing Company', 'Montauk', 'NY'),
(274, 'Indeed Brewing Company', 'Minneapolis', 'MN'),
(275, 'Berkshire Brewing Company', 'South Deerfield', 'MA'),
(276, 'Foolproof Brewing Company', 'Pawtucket', 'RI'),
(277, 'Headlands Brewing Company', 'Mill Valley', 'CA'),
(278, 'Bolero Snort Brewery', 'Ridgefield Park', 'NJ'),
(279, 'Thunderhead Brewing Company', 'Kearney', 'NE'),
(280, 'Defiance Brewing Company', 'Hays', 'KS'),
(281, 'Milwaukee Brewing Company', 'Milwaukee', 'WI'),
(282, 'Catawba Island Brewing', 'Port Clinton', 'OH'),
(283, 'Back Forty Beer Company', 'Gadsden', 'AL'),
(284, 'Four Corners Brewing Company', 'Dallas', 'TX'),
(285, 'Saint Archer Brewery', 'San Diego', 'CA'),
(286, 'Rogue Ales', 'Newport', 'OR'),
(287, 'Hale\'s Ales', 'Seattle', 'WA'),
(288, 'Tommyknocker Brewery', 'Idaho Springs', 'CO'),
(289, 'Baxter Brewing Company', 'Lewiston', 'ME'),
(290, 'Northampton Brewery', 'Northamtpon', 'MA'),
(291, 'Black Shirt Brewing Company', 'Denver', 'CO'),
(292, 'Wachusett Brewing Company', 'Westminster', 'MA'),
(293, 'Widmer Brothers Brewing Company', 'Portland', 'OR'),
(294, 'Hop Farm Brewing Company', 'Pittsburgh', 'PA'),
(295, 'Liquid Hero Brewery', 'York', 'PA'),
(296, 'Matt Brewing Company', 'Utica', 'NY'),
(297, 'Boston Beer Company', 'Boston', 'MA'),
(298, 'Old Forge Brewing Company', 'Danville', 'PA'),
(299, 'Utah Brewers Cooperative', 'Salt Lake City', 'UT'),
(300, 'Magic Hat Brewing Company', 'South Burlington', 'VT'),
(301, 'Blue Hills Brewery', 'Canton', 'MA'),
(302, 'Night Shift Brewing', 'Everett', 'MA'),
(303, 'Beach Brewing Company', 'Virginia Beach', 'VA'),
(304, 'Payette Brewing Company', 'Garden City', 'ID'),
(305, 'Brew Bus Brewing', 'Tampa', 'FL'),
(306, 'Sockeye Brewing Company', 'Boise', 'ID'),
(307, 'Pine Street Brewery', 'San Francisco', 'CA'),
(308, 'Dirty Bucket Brewing Company', 'Woodinville', 'WA'),
(309, 'Jackalope Brewing Company', 'Nashville', 'TN'),
(310, 'Slanted Rock Brewing Company', 'Meridian', 'ID'),
(311, 'Piney River Brewing Company', 'Bucryus', 'MO'),
(312, 'Cutters Brewing Company', 'Avon', 'IN'),
(313, 'Iron Hill Brewery & Restaurant', 'Wilmington', 'DE'),
(314, 'Marshall Wharf Brewing Company', 'Belfast', 'ME'),
(315, 'Banner Beer Company', 'Williamsburg', 'MA'),
(316, 'Dick\'s Brewing Company', 'Centralia', 'WA'),
(317, 'Claremont Craft Ales', 'Claremont', 'CA'),
(318, 'Rivertown Brewing Company', 'Lockland', 'OH'),
(319, 'Voodoo Brewery', 'Meadville', 'PA'),
(320, 'D.L. Geary Brewing Company', 'Portland', 'ME'),
(321, 'Pisgah Brewing Company', 'Black Mountain', 'NC'),
(322, 'Neshaminy Creek Brewing Company', 'Croydon', 'PA'),
(323, 'Morgan Street Brewery', 'Saint Louis', 'MO'),
(324, 'Half Acre Beer Company', 'Chicago', 'IL'),
(325, 'The Just Beer Project', 'Burlington', 'VT'),
(326, 'The Bronx Brewery', 'Bronx', 'NY'),
(327, 'Dead Armadillo Craft Brewing', 'Tulsa', 'OK'),
(328, 'Catawba Brewing Company', 'Morganton', 'NC'),
(329, 'La Cumbre Brewing Company', 'Albuquerque', 'NM'),
(330, 'David\'s Ale Works', 'Diamond Springs', 'CA'),
(331, 'The Traveler Beer Company', 'Burlington', 'VT'),
(332, 'Fargo Brewing Company', 'Fargo', 'ND'),
(333, 'Big Sky Brewing Company', 'Missoula', 'MT'),
(334, 'Nebraska Brewing Company', 'Papillion', 'NE'),
(335, 'Uncle John\'s Fruit House Winery', 'St. John\'s', 'MI'),
(336, 'Wormtown Brewery', 'Worcester', 'MA'),
(337, 'Due South Brewing Company', 'Boynton Beach', 'FL'),
(338, 'Palisade Brewing Company', 'Palisade', 'CO'),
(339, 'KelSo Beer Company', 'Brooklyn', 'NY'),
(340, 'Hardywood Park Craft Brewery', 'Richmond', 'VA'),
(341, 'Wolf Hills Brewing Company', 'Abingdon', 'VA'),
(342, 'Lavery Brewing Company', 'Erie', 'PA'),
(343, 'Manzanita Brewing Company', 'Santee', 'CA'),
(344, 'Fullsteam Brewery', 'Durham', 'NC'),
(345, 'Four Horsemen Brewing Company', 'South Bend', 'IN'),
(346, 'Hinterland Brewery', 'Green Bay', 'WI'),
(347, 'Central Coast Brewing Company', 'San Luis Obispo', 'CA'),
(348, 'Westfield River Brewing Company', 'Westfield', 'MA'),
(349, 'Elevator Brewing Company', 'Columbus', 'OH'),
(350, 'Aslan Brewing Company', 'Bellingham', 'WA'),
(351, 'Kulshan Brewery', 'Bellingham', 'WA'),
(352, 'Pikes Peak Brewing Company', 'Monument', 'CO'),
(353, 'Manayunk Brewing Company', 'Philadelphia', 'PA'),
(354, 'Buckeye Brewing', 'Cleveland', 'OH'),
(355, 'Daredevil Brewing Company', 'Shelbyville', 'IN'),
(356, 'NoDa Brewing Company', 'Charlotte', 'NC'),
(357, 'Aviator Brewing Company', 'Fuquay-Varina', 'NC'),
(358, 'Wild Onion Brewing Company', 'Lake Barrington', 'IL'),
(359, 'Hilliard\'s Beer', 'Seattle', 'WA'),
(360, 'Mikkeller', 'Pottstown', 'PA'),
(361, 'Bohemian Brewery', 'Midvale', 'UT'),
(362, 'Great River Brewery', 'Davenport', 'IA'),
(363, 'Mustang Brewing Company', 'Mustang', 'OK'),
(364, 'Airways Brewing Company', 'Kent', 'WA'),
(365, '21st Amendment Brewery', 'San Francisco', 'CA'),
(366, 'Eddyline Brewery & Restaurant', 'Buena Vista', 'CO'),
(367, 'Pizza Port Brewing Company', 'Carlsbad', 'CA'),
(368, 'Sly Fox Brewing Company', 'Pottstown', 'PA'),
(369, 'Spring House Brewing Company', 'Conestoga', 'PA'),
(370, '7venth Sun', 'Dunedin', 'FL'),
(371, 'Astoria Brewing Company', 'Astoria', 'OR'),
(372, 'Maui Brewing Company', 'Lahaina', 'HI'),
(373, 'RoughTail Brewing Company', 'Midwest City', 'OK'),
(374, 'Lucette Brewing Company (2)', 'Menominee', 'WI'),
(375, 'Bold City Brewery', 'Jacksonville', 'FL'),
(376, 'Grey Sail Brewing of Rhode Island', 'Westerly', 'RI'),
(377, 'Blue Blood Brewing Company', 'Lincoln', 'NE'),
(378, 'Swashbuckler Brewing Company', 'Manheim', 'PA'),
(379, 'Blue Mountain Brewery - Afton', 'Afton', 'VA'),
(380, 'Starr Hill Brewery', 'Crozet', 'VA'),
(381, 'Westbrook Brewing Company', 'Mt. Pleasant', 'SC'),
(382, 'Shipyard Brewing Company', 'Portland', 'ME'),
(383, 'Revolution Brewing', 'Paonia', 'CO'),
(384, 'Natian Brewery', 'Portland', 'OR'),
(385, 'Alltech\'s Lexington Brewing Company', 'Lexington', 'KY'),
(386, 'Oskar Blues Brewery (North Carol...', 'Brevard', 'NC'),
(387, 'Orlison Brewing Company', 'Airway Heights', 'WA'),
(388, 'Breckenridge Brewery', 'Denver', 'CO'),
(389, 'Santa Fe Brewing Company', 'Santa Fe', 'NM'),
(390, 'Miami Brewing Company', 'Miami', 'FL'),
(391, 'Schilling & Company', 'Seattle', 'WA'),
(392, 'Hops & Grain Brewery', 'Austin', 'TX'),
(393, 'White Flame Brewing Company', 'Hudsonville', 'MI'),
(394, 'Ruhstaller Beer Company', 'Sacramento', 'CA'),
(395, 'Saugatuck Brewing Company', 'Douglas', 'MI'),
(396, 'Moab Brewery', 'Moab', 'UT'),
(397, 'Macon Beer Company', 'Macon', 'GA'),
(398, 'Amnesia Brewing Company', 'Washougal', 'WA'),
(399, 'Wolverine State Brewing Company', 'Ann Arbor', 'MI'),
(400, 'Red Tank Cider Company', 'Bend', 'OR'),
(401, 'Cascadia Ciderworks United', 'Portland', 'OR'),
(402, 'Fate Brewing Company', 'Boulder', 'CO'),
(403, 'Lazy Monk Brewing', 'Eau Claire', 'WI'),
(404, 'Bitter Root Brewing', 'Hamilton', 'MT'),
(405, '10 Barrel Brewing Company', 'Bend', 'OR'),
(406, 'Tamarack Brewing Company', 'Lakeside', 'MT'),
(407, 'New England Brewing Company', 'Woodbridge', 'CT'),
(408, 'Seattle Cider Company', 'Seattle', 'WA'),
(409, 'Straight to Ale', 'Huntsville', 'AL'),
(410, 'Austin Beerworks', 'Austin', 'TX'),
(411, 'Blue Mountain Brewery - Arrington', 'Arrington', 'VA'),
(412, 'Coastal Empire Beer Company', 'Savannah', 'GA'),
(413, 'Jack\'s Hard Cider (Hauser Estate...', 'Biglerville', 'PA'),
(414, 'Boulder Beer Company', 'Boulder', 'CO'),
(415, 'Coalition Brewing Company', 'Portland', 'OR'),
(416, 'Sanitas Brewing Company', 'Boulder', 'CO'),
(417, 'Gore Range Brewery', 'Edwards', 'CO'),
(418, 'Redstone Meadery', 'Boulder', 'CO'),
(419, 'Blue Dog Mead', 'Eugene', 'OR'),
(420, 'Hess Brewing Company', 'San Diego', 'CA'),
(421, 'Wynkoop Brewing Company', 'Denver', 'CO'),
(422, 'Ciderboys', 'Stevens Point', 'WI'),
(423, 'Armadillo Ale Works', 'Denton', 'TX'),
(424, 'Roanoke Railhouse Brewery', 'Roanoke', 'VA'),
(425, 'Schlafly Brewing Company', 'Saint Louis', 'MO'),
(426, 'Asher Brewing Company', 'Boulder', 'CO'),
(427, 'Lost Rhino Brewing Company', 'Ashburn', 'VA'),
(428, 'North Country Brewing Company', 'Slippery Rock', 'PA'),
(429, 'Seabright Brewery', 'Santa Cruz', 'CA'),
(430, 'French Broad Brewery', 'Asheville', 'NC'),
(431, 'Angry Orchard Cider Company', 'Cincinnati', 'OH'),
(432, 'Two Roads Brewing Company', 'Stratford', 'CT'),
(433, 'Southern Oregon Brewing Company', 'Medford', 'OR'),
(434, 'Brooklyn Brewery', 'Brooklyn', 'NY'),
(435, 'The Right Brain Brewery', 'Traverse City', 'MI'),
(436, 'Kona Brewing Company', 'Kona', 'HI'),
(437, 'MillKing It Productions', 'Royal Oak', 'MI'),
(438, 'Pateros Creek Brewing Company', 'Fort Collins', 'CO'),
(439, 'O\'Fallon Brewery', 'O\'Fallon', 'MO'),
(440, 'Marble Brewery', 'Albuquerque', 'NM'),
(441, 'Big Wood Brewery', 'Vadnais Heights', 'MN'),
(442, 'Howard Brewing Company', 'Lenoir', 'NC'),
(443, 'Downeast Cider House', 'Leominster', 'MA'),
(444, 'Swamp Head Brewery', 'Gainesville', 'FL'),
(445, 'Mavericks Beer Company', 'Half Moon Bay', 'CA'),
(446, 'TailGate Beer', 'San Diego', 'CA'),
(447, 'Northwest Brewing Company', 'Pacific', 'WA'),
(448, 'Dad & Dude\'s Breweria', 'Aurora', 'CO'),
(449, 'Centennial Beer Company', 'Edwards', 'CO'),
(450, 'Denali Brewing Company', 'Talkeetna', 'AK'),
(451, 'Deschutes Brewery', 'Bend', 'OR'),
(452, 'Sunken City Brewing Company', 'Hardy', 'VA'),
(453, 'Lucette Brewing Company', 'Menominie', 'WI'),
(454, 'The Black Tooth Brewing Company', 'Sheridan', 'WY'),
(455, 'Kenai River Brewing Company', 'Soldotna', 'AK'),
(456, 'River North Brewery', 'Denver', 'CO'),
(457, 'Fremont Brewing Company', 'Seattle', 'WA'),
(458, 'Armstrong Brewing Company', 'South San Francisco', 'CA'),
(459, 'AC Golden Brewing Company', 'Golden', 'CO'),
(460, 'Big Bend Brewing Company', 'Alpine', 'TX'),
(461, 'Good Life Brewing Company', 'Bend', 'OR'),
(462, 'Engine 15 Brewing', 'Jacksonville Beach', 'FL'),
(463, 'Green Room Brewing', 'Jacksonville', 'FL'),
(464, 'Brindle Dog Brewing Company', 'Tampa Bay', 'FL'),
(465, 'Peace Tree Brewing Company', 'Knoxville', 'IA'),
(466, 'Terrapin Brewing Company', 'Athens', 'GA'),
(467, 'Pete\'s Brewing Company', 'San Antonio', 'TX'),
(468, 'Okoboji Brewing Company', 'Spirit Lake', 'IA'),
(469, 'Crystal Springs Brewing Company', 'Boulder', 'CO'),
(470, 'Engine House 9', 'Tacoma', 'WA'),
(471, 'Tonka Beer Company', 'Minnetonka', 'MN'),
(472, 'Red Hare Brewing Company', 'Marietta', 'GA'),
(473, 'Hangar 24 Craft Brewery', 'Redlands', 'CA'),
(474, 'Big Elm Brewing', 'Sheffield', 'MA'),
(475, 'Good People Brewing Company', 'Birmingham', 'AL'),
(476, 'Heavy Seas Beer', 'Halethorpe', 'MD'),
(477, 'Telluride Brewing Company', 'Telluride', 'CO'),
(478, '7 Seas Brewing Company', 'Gig Harbor', 'WA'),
(479, 'Confluence Brewing Company', 'Des Moines', 'IA'),
(480, 'Bale Breaker Brewing Company', 'Yakima', 'WA'),
(481, 'The Manhattan Brewing Company', 'New York', 'NY'),
(482, 'MacTarnahans Brewing Company', 'Portland', 'OR'),
(483, 'Stillmank Beer Company', 'Green Bay', 'WI'),
(484, 'Redhook Brewery', 'Woodinville', 'WA'),
(485, 'Dock Street Brewery', 'Philadelphia', 'PA'),
(486, 'Blue Point Brewing Company', 'Patchogue', 'NY'),
(487, 'Tampa Bay Brewing Company', 'Tampa', 'FL'),
(488, 'Devil\'s Canyon Brewery', 'Belmont', 'CA'),
(489, 'Stone Coast Brewing Company', 'Portland', 'ME'),
(490, 'Broken Tooth Brewing Company', 'Anchorage', 'AK'),
(491, 'Seven Brides Brewery', 'Silverton', 'OR'),
(492, 'Newburyport Brewing Company', 'Newburyport', 'MA'),
(493, 'Dry Dock Brewing Company', 'Aurora', 'CO'),
(494, 'Cans Bar and Canteen', 'Charlotte', 'NC'),
(495, 'Sprecher Brewing Company', 'Glendale', 'WI'),
(496, 'Wildwood Brewing Company', 'Stevensville', 'MT'),
(497, 'High Noon Saloon And Brewery', 'Leavenworth', 'KS'),
(498, 'Woodchuck Hard Cider', 'Middlebury', 'VT'),
(499, 'Sea Dog Brewing Company', 'Portland', 'ME'),
(500, 'Oskar Blues Brewery - Lyons', 'Lyons', 'CO'),
(501, 'Carolina Beer & Beverage', 'Mooresville', 'NC'),
(502, 'Krebs Brewing Company (Pete\'s Pl...', 'Krebs', 'OK'),
(503, 'Warbird Brewing Company', 'Fort Wayne', 'IN'),
(504, 'Mudshark Brewing Company', 'Lake Havasu City', 'AZ'),
(505, 'Spilker Ales', 'Cortland', 'NE'),
(506, 'Wingman Brewers', 'Tacoma', 'WA'),
(507, 'Kettle House Brewing Company', 'Missoula', 'MT'),
(508, 'Sherwood Forest Brewers', 'Marlborough', 'MA'),
(509, 'Cottrell Brewing', 'Pawcatuck', 'CT'),
(510, 'Arctic Craft Brewery', 'Colorado Springs', 'CO'),
(511, 'Monkey Paw Pub & Brewery', 'San Diego', 'CA'),
(512, 'Crabtree Brewing Company', 'Greeley', 'CO'),
(513, 'Emerald City Beer Company', 'Seattle', 'WA'),
(514, 'Butcher\'s Brewing', 'Carlsbad', 'CA'),
(515, 'New South Brewing Company', 'Myrtle Beach', 'SC'),
(516, 'Big River Brewing Company', 'Chattanooga', 'TN'),
(517, 'Twisted Pine Brewing Company', 'Boulder', 'CO'),
(518, 'Flying Dog Brewery', 'Frederick', 'MD'),
(519, 'Uncommon Brewers', 'Santa Cruz', 'CA'),
(520, 'Aspen Brewing Company', 'Aspen', 'CO'),
(521, 'Triangle Brewing Company', 'Durham', 'NC'),
(522, 'Bomb Beer Company', 'New York', 'NY'),
(523, 'Churchkey Can Company', 'Seattle', 'WA'),
(524, 'Intuition Ale Works', 'Jacksonville', 'FL'),
(525, 'Asheville Brewing Company', 'Asheville', 'NC'),
(526, 'Northwoods Brewpub', 'Eau Claire', 'WI'),
(527, 'Buckbean Brewing Company', 'Reno', 'NV'),
(528, 'Dolores River Brewery', 'Dolores', 'CO'),
(529, 'Flat Rock Brewing Company', 'Smithton', 'PA'),
(530, 'Abita Brewing Company', 'Abita Springs', 'LA'),
(531, 'Mammoth Brewing Company', 'Mammoth Lakes', 'CA'),
(532, 'Harvest Moon Brewing Company', 'Belt', 'MT'),
(533, 'Grand Canyon Brewing Company', 'Williams', 'AZ'),
(534, 'Lewis and Clark Brewing Company', 'Helena', 'MT'),
(535, 'Dundee Brewing Company', 'Rochester', 'NY'),
(536, 'Twin Lakes Brewing Company', 'Greenville', 'DE'),
(537, 'Mother Earth Brewing Company', 'Kinston', 'NC'),
(538, 'Arcadia Brewing Company', 'Battle Creek', 'MI'),
(539, 'Angry Minnow Brewing Company', 'Hayward', 'WI'),
(540, 'Great Northern Brewing Company', 'Whitefish', 'MT'),
(541, 'Pyramid Breweries', 'Seattle', 'WA'),
(542, 'Lancaster Brewing Company', 'Lancaster', 'PA'),
(543, 'Upstate Brewing Company', 'Elmira', 'NY'),
(544, 'Moat Mountain Smoke House & Brew...', 'North Conway', 'NH'),
(545, 'Prescott Brewing Company', 'Prescott', 'AZ'),
(546, 'Mogollon Brewing Company', 'Flagstaff', 'AZ'),
(547, 'Wind River Brewing Company', 'Pinedale', 'WY'),
(548, 'Silverton Brewery', 'Silverton', 'CO'),
(549, 'Mickey Finn\'s Brewery', 'Libertyville', 'IL'),
(550, 'Covington Brewhouse', 'Covington', 'LA'),
(551, 'Dave\'s Brewfarm', 'Wilson', 'WI'),
(552, 'Ukiah Brewing Company', 'Ukiah', 'CA'),
(553, 'Butternuts Beer and Ale', 'Garrattsville', 'NY'),
(554, 'Sleeping Lady Brewing Company', 'Anchorage', 'AK'),
(555, 'New Glarus', 'New Glarus', 'WI'),
(556, 'Anheuser-Busch', NULL, NULL);

-- --------------------------------------------------------

--
-- Table structure for table `SUGGESTION`
--

CREATE TABLE `SUGGESTION` (
  `SUGGESTION_ID` int(11) NOT NULL,
  `USER_ID` int(11) NOT NULL,
  `NATURE` varchar(35) NOT NULL,
  `COMMENT` varchar(500) NOT NULL,
  `DATE` datetime NOT NULL DEFAULT CURRENT_TIMESTAMP
) ENGINE=InnoDB DEFAULT CHARSET=latin1;

-- --------------------------------------------------------

--
-- Table structure for table `USERS`
--

CREATE TABLE `USERS` (
  `USERS_ID` int(11) NOT NULL,
  `FIRST_NAME` varchar(20) NOT NULL,
  `LAST_NAME` varchar(35) NOT NULL,
  `AVATAR` varchar(50) NOT NULL,
  `EMAIL` varchar(200) NOT NULL,
  `REGISTRATION` datetime NOT NULL DEFAULT CURRENT_TIMESTAMP,
  `PASS` varchar(200) NOT NULL,
  `PHONE` varchar(15) NOT NULL,
  `IS_ADMIN` tinyint(1) DEFAULT '0',
  `CITY` varchar(55) DEFAULT NULL,
  `STATE` varchar(2) DEFAULT NULL
) ENGINE=InnoDB DEFAULT CHARSET=latin1;

-- --------------------------------------------------------

--
-- Table structure for table `USER_FRIENDS`
--

CREATE TABLE `USER_FRIENDS` (
  `USERS_ID` int(11) NOT NULL,
  `FRIEND_ID` int(11) NOT NULL
) ENGINE=InnoDB DEFAULT CHARSET=latin1;

-- --------------------------------------------------------

--
-- Table structure for table `USER_LATER`
--

CREATE TABLE `USER_LATER` (
  `BEER_ID` int(11) NOT NULL,
  `USERS_ID` int(11) NOT NULL,
  `LATER_DATE` datetime NOT NULL DEFAULT CURRENT_TIMESTAMP
) ENGINE=InnoDB DEFAULT CHARSET=latin1;

-- --------------------------------------------------------

--
-- Table structure for table `USER_LOG`
--

CREATE TABLE `USER_LOG` (
  `BEER_ID` int(11) NOT NULL,
  `USERS_ID` int(11) NOT NULL,
  `LOG_DATE` datetime NOT NULL DEFAULT CURRENT_TIMESTAMP
) ENGINE=InnoDB DEFAULT CHARSET=latin1;

--
-- Triggers `USER_LOG`
--
DELIMITER $$
CREATE TRIGGER `AFTER_BEER_LOG` AFTER INSERT ON `USER_LOG` FOR EACH ROW DELETE FROM USER_LATER 
WHERE NEW.BEER_ID = USER_LATER.BEER_ID AND NEW.USERS_ID = USER_LATER.USERS_ID
$$
DELIMITER ;

-- --------------------------------------------------------

--
-- Table structure for table `USER_LOVE`
--

CREATE TABLE `USER_LOVE` (
  `BEER_ID` int(11) NOT NULL,
  `USERS_ID` int(11) NOT NULL,
  `LOVE_DATE` datetime NOT NULL DEFAULT CURRENT_TIMESTAMP
) ENGINE=InnoDB DEFAULT CHARSET=latin1;

--
-- Dumping data for table `USER_LOVE`
--

INSERT INTO `USER_LOVE` (`BEER_ID`, `USERS_ID`, `LOVE_DATE`) VALUES
(229, 32, '2018-11-21 11:30:41'),
(414, 32, '2018-11-21 11:30:35'),
(664, 32, '2018-11-21 11:30:48'),
(832, 32, '2018-11-21 14:16:04');

-- --------------------------------------------------------

--
-- Table structure for table `USER_POST`
--

CREATE TABLE `USER_POST` (
  `POST_ID` int(11) NOT NULL,
  `RATING` enum('1','2','3','4','5') NOT NULL,
  `COMMENT` varchar(300) DEFAULT NULL,
  `USER_ID` int(11) NOT NULL,
  `BEER_ID` int(11) NOT NULL,
  `POST_DATE` datetime NOT NULL DEFAULT CURRENT_TIMESTAMP
) ENGINE=InnoDB DEFAULT CHARSET=latin1;

--
-- Dumping data for table `USER_POST`
--

INSERT INTO `USER_POST` (`POST_ID`, `RATING`, `COMMENT`, `USER_ID`, `BEER_ID`, `POST_DATE`) VALUES
(13, '5', 'My FAV BEER! Wisc rules!', 32, 831, '2018-11-20 13:38:57'),
(14, '3', 'Awesome American lager! A Brooklyn must!', 32, 463, '2018-11-20 14:03:27'),
(15, '4', 'Amaze balls', 35, 463, '2018-11-20 14:14:40'),
(16, '4', 'Never had a farmhouse ale?! Try this one buds!', 32, 302, '2018-11-21 11:01:20'),
(17, '4', 'Better than sex my friends! But not candy....', 32, 5, '2018-11-21 11:02:37'),
(18, '5', 'I love porters and have tried over 100 of them from different states. This is my favorite!!!!!!!!', 32, 664, '2018-11-21 11:46:55'),
(19, '1', 'Some kind of delicious!!!!!!', 32, 229, '2018-11-21 12:23:12'),
(20, '4', 'Very strong ale! Don\'t have too many of these!', 32, 590, '2018-11-21 12:24:09'),
(21, '3', 'When October rolls around, you will catch this in my hand! Yum!', 32, 169, '2018-11-21 12:24:48'),
(22, '4', 'This witbier is a god send on a hot Texas day! Yeeee haw!', 32, 474, '2018-11-21 12:30:34'),
(23, '4', 'Amazing IPA. Very good with hot wings!', 32, 824, '2018-11-21 12:44:15'),
(24, '5', 'Another excellent Wisconsin beer!', 32, 832, '2018-11-21 14:15:21'),
(25, '3', 'Great IPA but be cautious.... will give tear up your stomach', 32, 384, '2018-11-21 15:18:31'),
(26, '5', 'One of the great wonders of Charleston! Would recomend.', 32, 493, '2018-11-21 15:19:25'),
(27, '4', 'Great on a cold winter night!', 32, 646, '2018-11-21 15:19:49'),
(28, '4', 'Not as scary as it sounds but it sure is tasty :P', 32, 6, '2018-11-21 15:26:53'),
(29, '4', 'Takes me back to life in Virginia! Great stout!', 32, 583, '2018-11-21 15:28:04'),
(30, '5', 'This one is a MUST try. Dark and strong. YUM', 32, 247, '2018-11-21 15:28:40'),
(31, '3', 'This one is a great drink by the fire after a nice venison dinner.', 32, 655, '2018-11-21 15:29:21'),
(32, '4', 'Great with a burger!', 32, 147, '2018-11-21 15:30:21'),
(33, '2', 'Not the best', 32, 244, '2018-11-21 17:41:00'),
(34, '4', 'Pretty good san fran beer', 32, 97, '2018-11-21 17:42:01'),
(35, '4', 'Super nice IPA! Drink this one responsibly.', 42, 551, '2018-11-21 19:28:26'),
(36, '3', 'Decent double IPA. Give this one a try friends!', 42, 789, '2018-11-21 19:30:57'),
(37, '5', 'Probably the best beer on Earth!', 47, 832, '2018-11-21 19:39:30'),
(38, '3', 'Ok beer', 47, 302, '2018-11-21 19:41:48'),
(39, '5', 'Another great stout from Oregon :)', 47, 147, '2018-11-21 19:58:15'),
(40, '4', 'Super dark and super tasty ;)', 47, 247, '2018-11-21 20:13:55'),
(41, '4', 'Great stout from MA!', 32, 245, '2018-11-30 11:38:22'),
(42, '1', 'Not a good beer Nicole!', 32, 551, '2018-12-03 20:51:59'),
(43, '4', 'yum', 51, 551, '2018-12-08 12:38:49');

--
-- Indexes for dumped tables
--

--
-- Indexes for table `BEER`
--
ALTER TABLE `BEER`
  ADD PRIMARY KEY (`BEER_ID`),
  ADD KEY `BREWER_IND` (`BREWER_ID`);

--
-- Indexes for table `BREWER`
--
ALTER TABLE `BREWER`
  ADD PRIMARY KEY (`BREWER_ID`);

--
-- Indexes for table `SUGGESTION`
--
ALTER TABLE `SUGGESTION`
  ADD PRIMARY KEY (`SUGGESTION_ID`),
  ADD KEY `USER_IND` (`USER_ID`);

--
-- Indexes for table `USERS`
--
ALTER TABLE `USERS`
  ADD PRIMARY KEY (`USERS_ID`),
  ADD UNIQUE KEY `unique_email` (`EMAIL`);

--
-- Indexes for table `USER_FRIENDS`
--
ALTER TABLE `USER_FRIENDS`
  ADD PRIMARY KEY (`FRIEND_ID`,`USERS_ID`),
  ADD KEY `FRIEND_IND` (`FRIEND_ID`),
  ADD KEY `USERS_IND` (`USERS_ID`);

--
-- Indexes for table `USER_LATER`
--
ALTER TABLE `USER_LATER`
  ADD PRIMARY KEY (`BEER_ID`,`USERS_ID`),
  ADD KEY `BEER_IND` (`BEER_ID`),
  ADD KEY `USERS_IND` (`USERS_ID`);

--
-- Indexes for table `USER_LOG`
--
ALTER TABLE `USER_LOG`
  ADD PRIMARY KEY (`BEER_ID`,`USERS_ID`),
  ADD KEY `BEER_IND` (`BEER_ID`),
  ADD KEY `USERS_IND` (`USERS_ID`);

--
-- Indexes for table `USER_LOVE`
--
ALTER TABLE `USER_LOVE`
  ADD PRIMARY KEY (`BEER_ID`,`USERS_ID`),
  ADD KEY `BEER_IND` (`BEER_ID`),
  ADD KEY `USERS_IND` (`USERS_ID`);

--
-- Indexes for table `USER_POST`
--
ALTER TABLE `USER_POST`
  ADD PRIMARY KEY (`POST_ID`),
  ADD KEY `USER_IND` (`USER_ID`),
  ADD KEY `BEER_IND` (`BEER_ID`);

--
-- AUTO_INCREMENT for dumped tables
--

--
-- AUTO_INCREMENT for table `BEER`
--
ALTER TABLE `BEER`
  MODIFY `BEER_ID` int(11) NOT NULL AUTO_INCREMENT, AUTO_INCREMENT=835;
--
-- AUTO_INCREMENT for table `BREWER`
--
ALTER TABLE `BREWER`
  MODIFY `BREWER_ID` int(11) NOT NULL AUTO_INCREMENT, AUTO_INCREMENT=557;
--
-- AUTO_INCREMENT for table `SUGGESTION`
--
ALTER TABLE `SUGGESTION`
  MODIFY `SUGGESTION_ID` int(11) NOT NULL AUTO_INCREMENT, AUTO_INCREMENT=7;
--
-- AUTO_INCREMENT for table `USERS`
--
ALTER TABLE `USERS`
  MODIFY `USERS_ID` int(11) NOT NULL AUTO_INCREMENT, AUTO_INCREMENT=53;
--
-- AUTO_INCREMENT for table `USER_POST`
--
ALTER TABLE `USER_POST`
  MODIFY `POST_ID` int(11) NOT NULL AUTO_INCREMENT, AUTO_INCREMENT=47;
--
-- Constraints for dumped tables
--

--
-- Constraints for table `BEER`
--
ALTER TABLE `BEER`
  ADD CONSTRAINT `BEER_ibfk_1` FOREIGN KEY (`BREWER_ID`) REFERENCES `BREWER` (`BREWER_ID`) ON DELETE CASCADE;

--
-- Constraints for table `SUGGESTION`
--
ALTER TABLE `SUGGESTION`
  ADD CONSTRAINT `SUGGESTION_ibfk_1` FOREIGN KEY (`USER_ID`) REFERENCES `USERS` (`USERS_ID`) ON DELETE CASCADE;

--
-- Constraints for table `USER_FRIENDS`
--
ALTER TABLE `USER_FRIENDS`
  ADD CONSTRAINT `USER_FRIENDS_ibfk_1` FOREIGN KEY (`USERS_ID`) REFERENCES `USERS` (`USERS_ID`) ON DELETE CASCADE,
  ADD CONSTRAINT `USER_FRIENDS_ibfk_2` FOREIGN KEY (`USERS_ID`) REFERENCES `USERS` (`USERS_ID`) ON DELETE CASCADE;

--
-- Constraints for table `USER_LATER`
--
ALTER TABLE `USER_LATER`
  ADD CONSTRAINT `USER_LATER_ibfk_1` FOREIGN KEY (`BEER_ID`) REFERENCES `BEER` (`BEER_ID`) ON DELETE CASCADE,
  ADD CONSTRAINT `USER_LATER_ibfk_2` FOREIGN KEY (`USERS_ID`) REFERENCES `USERS` (`USERS_ID`) ON DELETE CASCADE;

--
-- Constraints for table `USER_LOG`
--
ALTER TABLE `USER_LOG`
  ADD CONSTRAINT `USER_LOG_ibfk_1` FOREIGN KEY (`BEER_ID`) REFERENCES `BEER` (`BEER_ID`) ON DELETE CASCADE,
  ADD CONSTRAINT `USER_LOG_ibfk_2` FOREIGN KEY (`USERS_ID`) REFERENCES `USERS` (`USERS_ID`) ON DELETE CASCADE;

--
-- Constraints for table `USER_LOVE`
--
ALTER TABLE `USER_LOVE`
  ADD CONSTRAINT `USER_LOVE_ibfk_1` FOREIGN KEY (`BEER_ID`) REFERENCES `BEER` (`BEER_ID`) ON DELETE CASCADE,
  ADD CONSTRAINT `USER_LOVE_ibfk_2` FOREIGN KEY (`USERS_ID`) REFERENCES `USERS` (`USERS_ID`) ON DELETE CASCADE;

--
-- Constraints for table `USER_POST`
--
ALTER TABLE `USER_POST`
  ADD CONSTRAINT `USER_POST_ibfk_1` FOREIGN KEY (`USER_ID`) REFERENCES `USERS` (`USERS_ID`) ON DELETE CASCADE,
  ADD CONSTRAINT `USER_POST_ibfk_2` FOREIGN KEY (`BEER_ID`) REFERENCES `BEER` (`BEER_ID`) ON DELETE CASCADE;

/*!40101 SET CHARACTER_SET_CLIENT=@OLD_CHARACTER_SET_CLIENT */;
/*!40101 SET CHARACTER_SET_RESULTS=@OLD_CHARACTER_SET_RESULTS */;
/*!40101 SET COLLATION_CONNECTION=@OLD_COLLATION_CONNECTION */;
